날짜,시가,고가,저가,종가,거래량,등락률
2023-06-07,268000,280500,267000,279000,836119,5.084745762711865
2023-06-08,277000,280500,267500,268500,749463,-3.763440860215054
2023-06-09,276500,280500,270000,273000,579225,1.675977653631285
2023-06-12,279000,286500,276000,285000,718538,4.395604395604396
2023-06-13,288000,288000,278500,281500,699071,-1.2280701754385965
2023-06-14,286500,286500,254500,255500,1608349,-9.236234458259325
2023-06-15,261500,265500,249500,255500,1096502,0.0
2023-06-16,261000,266000,255500,264500,688354,3.522504892367906
2023-06-19,262500,263500,251000,256500,748505,-3.0245746691871456
2023-06-20,253000,258500,249500,254500,438775,-0.7797270955165692
2023-06-21,255500,259000,246000,246000,703175,-3.3398821218074657
2023-06-22,242000,253000,242000,250000,405092,1.6260162601626018
2023-06-23,258000,260000,252500,253500,415816,1.4000000000000001
2023-06-26,253000,256000,249500,250500,254027,-1.183431952662722
2023-06-27,248000,253500,238500,252500,658872,0.7984031936127743
2023-06-28,253000,254000,238500,239000,687747,-5.346534653465347
2023-06-29,240000,244000,236000,238000,410271,-0.41841004184100417
2023-06-30,237500,244500,235500,243000,301235,2.100840336134454
2023-07-03,245500,252500,243500,249500,513629,2.674897119341564
2023-07-04,252500,260000,248000,248500,698223,-0.4008016032064128
2023-07-05,249500,252000,245000,247000,515240,-0.6036217303822937
2023-07-06,246500,247500,237000,238500,547160,-3.4412955465587043
2023-07-07,237000,242000,235500,238000,429406,-0.20964360587002098
2023-07-10,238500,242500,228000,235000,640635,-1.2605042016806722
2023-07-11,238000,240000,234000,236500,385860,0.6382978723404255
2023-07-12,237500,240000,230500,232500,560170,-1.6913319238900635
2023-07-13,231000,234000,223000,223500,1300224,-3.870967741935484
2023-07-14,224000,229000,221000,227500,823038,1.7897091722595078
2023-07-17,227500,228000,222500,225500,521036,-0.8791208791208791
2023-07-18,222500,243500,222500,237500,1880460,5.321507760532151
2023-07-19,243000,284500,235000,279000,4869890,17.473684210526315
2023-07-20,270000,295500,265500,273500,4751983,-1.971326164874552
2023-07-21,263000,277000,259000,268000,2240078,-2.010968921389397
2023-07-24,275500,291500,274500,281000,3023205,4.850746268656716
2023-07-25,290000,290000,272500,278000,2103047,-1.0676156583629894
2023-07-26,279000,318000,257500,263000,7192410,-5.39568345323741
2023-07-27,265500,268500,238000,239000,2058193,-9.125475285171103
2023-07-28,232000,242500,230000,238500,1420014,-0.20920502092050208
2023-07-31,239000,261500,239000,257500,1349680,7.966457023060797
2023-08-01,263500,263500,245500,247500,1183218,-3.8834951456310676
2023-08-02,241000,251000,240500,244500,613152,-1.2121212121212122
2023-08-03,249500,256500,229000,244000,1462835,-0.2044989775051125
2023-08-04,239500,240000,231000,234000,1133603,-4.098360655737705
2023-08-07,230000,230500,215500,217000,1186254,-7.264957264957266
2023-08-08,216000,219500,212500,215500,645376,-0.6912442396313364
2023-08-09,214000,225000,213000,224500,442974,4.176334106728538
2023-08-10,222500,230500,220500,228000,401856,1.55902004454343
2023-08-11,229000,229000,220000,222500,357399,-2.4122807017543857
2023-08-14,220000,222500,215000,217000,343263,-2.4719101123595504
2023-08-16,214500,221500,211000,212500,405672,-2.0737327188940093
2023-08-17,210000,230500,208500,227000,699630,6.8235294117647065
2023-08-18,221000,221000,210500,211000,664770,-7.048458149779736
2023-08-21,211000,216000,208500,211500,493102,0.23696682464454977
2023-08-22,216500,218500,211000,212000,410183,0.2364066193853428
2023-08-23,211000,212000,198100,201000,794589,-5.188679245283019
2023-08-24,203500,207500,199500,206500,483133,2.736318407960199
2023-08-25,200500,223500,200000,220500,1048976,6.779661016949152
2023-08-28,223000,238500,219000,237500,1206347,7.709750566893423
2023-08-29,245500,248000,235500,236500,1273575,-0.42105263157894735
2023-08-30,236500,237500,217000,219000,1103324,-7.399577167019028
2023-08-31,217000,221000,212000,215000,660987,-1.82648401826484
2023-09-01,213500,215000,207500,209000,480288,-2.7906976744186047
2023-09-04,206000,213000,205500,212000,272922,1.4354066985645932
2023-09-05,210000,214000,207500,211000,275279,-0.4716981132075472
2023-09-06,211500,212500,205500,206000,318824,-2.3696682464454977
2023-09-07,205500,206500,197100,197800,640073,-3.9805825242718447
2023-09-08,197300,200500,191800,197200,647233,-0.3033367037411527
2023-09-11,196000,198500,192100,192300,403130,-2.4847870182555782
2023-09-12,195500,197400,188200,195600,562950,1.71606864274571
2023-09-13,192500,192800,187500,187500,545983,-4.141104294478527
2023-09-14,187500,192400,187200,188900,371148,0.7466666666666667
2023-09-15,188700,199300,187400,193900,558522,2.6469031233456857
2023-09-18,192000,192300,188000,188000,323661,-3.042805569881382
2023-09-19,188900,191500,185900,185900,293847,-1.1170212765957448
2023-09-20,186000,188600,185300,187200,241561,0.6993006993006993
2023-09-21,185900,186700,178100,179400,541076,-4.166666666666666
2023-09-22,177400,183000,177400,180600,245074,0.6688963210702341
2023-09-25,177500,181600,174800,175500,338241,-2.823920265780731
2023-09-26,175000,176700,170800,170800,375404,-2.678062678062678
2023-09-27,168500,175900,165800,173400,459614,1.5222482435597189
2023-10-04,169400,172000,156500,157700,650001,-9.054209919261822
2023-10-05,160600,168700,160600,161200,547461,2.219403931515536
2023-10-06,160100,163900,158100,159000,325827,-1.3647642679900744
2023-10-10,159000,161700,152700,152800,454652,-3.89937106918239
2023-10-11,154700,159000,152400,157700,585403,3.2068062827225132
2023-10-12,157800,168700,157700,165900,424701,5.199746353836398
2023-10-13,164700,165000,160100,161100,198320,-2.8933092224231465
2023-10-16,157900,159200,155500,158000,215814,-1.9242706393544382
2023-10-17,159300,164800,159300,160100,236898,1.3291139240506329
2023-10-18,159800,164900,159800,162200,272742,1.311680199875078
2023-10-19,158100,159700,155300,156500,275772,-3.514180024660912
2023-10-20,152500,153800,146800,148700,497009,-4.984025559105431
2023-10-23,146200,163600,146200,153300,737626,3.093476798924008
2023-10-24,161500,164500,148500,158400,773743,3.326810176125244
2023-10-25,158100,161100,146700,146700,510375,-7.386363636363637
2023-10-26,141000,143800,135600,136100,638342,-7.2256305385139745
2023-10-27,136300,144300,136300,140200,540827,3.0124908155767818
2023-10-30,140000,145700,139800,142300,365248,1.4978601997146932
2023-10-31,141500,141600,129900,130400,713060,-8.362614195361912
2023-11-01,131500,134400,127900,129400,392109,-0.7668711656441718
2023-11-02,132200,146600,132200,145500,603588,12.442040185471406
2023-11-03,148800,151900,141100,149800,682888,2.9553264604810994
2023-11-06,171900,191800,162200,187700,3009335,25.30040053404539
2023-11-07,178000,179700,155800,159000,1795055,-15.290356952583911
2023-11-08,155100,162200,152800,153100,589036,-3.710691823899371
2023-11-09,153700,156200,150300,153400,364418,0.1959503592423253
2023-11-10,149100,152400,144700,145800,372601,-4.954367666232073
2023-11-13,146900,149500,139500,140100,394177,-3.909465020576132
2023-11-14,142400,149200,142400,148600,302975,6.067094932191292
2023-11-15,158500,158800,150200,154900,387617,4.23956931359354
2023-11-16,154700,155900,150800,153100,194530,-1.1620400258231116
2023-11-17,150600,151100,147700,148100,207585,-3.2658393207054215
2023-11-20,148000,151800,147300,150100,241101,1.350438892640108
2023-11-21,150800,151400,147300,149100,201868,-0.6662225183211192
2023-11-22,148200,149100,145800,147300,162110,-1.2072434607645874
2023-11-23,146900,147800,144600,146000,184017,-0.8825526137135099
2023-11-24,146000,147700,144300,144300,162700,-1.1643835616438356
2023-11-27,145000,145800,141600,142100,181387,-1.5246015246015245
2023-11-28,143500,148300,143500,145500,308503,2.3926812104152004
2023-11-29,147900,170000,147200,168700,2076969,15.945017182130583
2023-11-30,164900,183500,164400,176300,1999542,4.5050385299347955
2023-12-01,176300,179500,168000,176500,793414,0.11344299489506524
2023-12-04,182100,191200,179000,188200,1630049,6.628895184135978
2023-12-05,185900,198000,180000,184000,1057212,-2.2316684378320937
2023-12-06,186500,194600,186100,188200,789247,2.282608695652174
2023-12-07,190700,193100,184400,186300,415125,-1.0095642933049946
2023-12-08,189300,190200,181400,188000,528558,0.9125067096081589
2023-12-11,187700,189500,184000,184000,318920,-2.127659574468085
2023-12-12,181200,184000,177800,177800,465049,-3.369565217391304
2023-12-13,175000,178800,168000,168700,524182,-5.118110236220472
2023-12-14,173000,188900,172300,186800,995680,10.729104919976288
2023-12-15,189100,194100,183300,186200,706522,-0.32119914346895073
2023-12-18,188600,190000,181000,182300,543345,-2.0945220193340495
2023-12-19,182100,192100,177900,190700,628354,4.607789358200768
2023-12-20,189000,204000,187400,196400,1235110,2.9889879391714733
2023-12-21,194400,205500,192500,193300,1145749,-1.5784114052953158
2023-12-22,196300,196900,185500,185500,538026,-4.0351784790481116
2023-12-26,182900,186900,178800,178800,430874,-3.6118598382749325
2023-12-27,179100,198500,179100,193000,1083220,7.941834451901567
2023-12-28,194700,207500,193700,204000,959972,5.699481865284974
2024-01-02,204500,217000,200000,205500,882774,0.7352941176470588
2024-01-03,201500,208000,193900,194100,585194,-5.547445255474453
2024-01-04,192000,212500,189800,211500,804423,8.964451313755797
2024-01-05,211500,216000,208000,211000,796414,-0.2364066193853428
2024-01-08,211000,211000,198900,200000,486217,-5.213270142180095
2024-01-09,203500,209500,199400,200500,410532,0.25
2024-01-10,200500,205500,198200,201000,355187,0.24937655860349126
2024-01-11,202500,206500,196100,197700,580904,-1.6417910447761193
2024-01-12,195000,195400,184900,186600,753671,-5.614567526555387
2024-01-15,182900,194500,178800,189800,672101,1.714898177920686
2024-01-16,180300,208000,180200,205000,1994054,8.008429926238145
2024-01-17,205000,214500,195100,201000,1847006,-1.951219512195122
2024-01-18,200500,210000,196300,201500,868288,0.24875621890547264
2024-01-19,203000,203000,190700,192800,805618,-4.317617866004963
2024-01-22,190400,192800,177100,178100,842646,-7.62448132780083
2024-01-23,175500,187400,173200,180600,763353,1.403705783267827
2024-01-24,178600,184200,176600,177000,405306,-1.9933554817275747
2024-01-25,173100,173100,156900,157500,1118343,-11.016949152542372
2024-01-26,151500,162100,151200,159400,1664781,1.2063492063492065
2024-01-29,159300,160400,145000,145100,894180,-8.971141781681306
2024-01-30,149400,151000,144900,144900,601038,-0.13783597518952445
2024-01-31,143000,149800,143000,143500,334496,-0.966183574879227
2024-02-01,143500,153400,139800,152900,568124,6.550522648083623
2024-02-02,149000,153300,144600,145600,886808,-4.774362328319163
2024-02-05,145600,145600,138600,138600,547653,-4.807692307692308
2024-02-06,135600,137700,132100,132300,545801,-4.545454545454546
2024-02-07,134700,141700,134600,137200,714915,3.7037037037037033
2024-02-08,139600,142900,138900,141300,492877,2.988338192419825
2024-02-13,142000,145600,141200,143000,291069,1.203113941967445
2024-02-14,140800,145800,138100,144700,292157,1.1888111888111887
2024-02-15,147500,149300,144600,147600,279133,2.0041465100207327
2024-02-16,153300,155300,151300,151800,551453,2.8455284552845526
2024-02-19,148900,154300,148100,152000,259786,0.13175230566534915
2024-02-20,150100,161000,148300,160100,517364,5.328947368421052
2024-02-21,158400,167000,157100,166000,594539,3.685196752029981
2024-02-22,166300,174200,162500,165500,732362,-0.30120481927710846
2024-02-23,166500,169100,163400,165600,298915,0.060422960725075525
2024-02-26,163500,173800,163500,171000,390847,3.260869565217391
2024-02-27,174000,175300,165600,167400,410398,-2.1052631578947367
2024-02-28,168600,170700,164600,165800,303492,-0.955794504181601
2024-02-29,166600,172400,165000,169700,345078,2.3522316043425815
2024-03-04,171000,171800,166200,167700,398660,-1.1785503830288746
2024-03-05,163600,163800,157500,157600,495576,-6.022659511031605
2024-03-06,155200,158800,152200,156600,446686,-0.6345177664974619
2024-03-07,156600,161400,155600,158400,261954,1.1494252873563218
2024-03-08,159800,160100,151000,155600,444469,-1.7676767676767675
2024-03-11,154000,163800,153500,159400,302143,2.442159383033419
2024-03-12,161400,168700,159900,166400,406151,4.391468005018821
2024-03-13,166400,174400,164300,174400,511431,4.807692307692308
2024-03-14,172900,179000,170000,170000,523303,-2.522935779816514
2024-03-15,168500,168500,160600,162200,303534,-4.588235294117647
2024-03-18,160800,178000,160800,176400,619889,8.75462392108508
2024-03-19,178100,181500,172500,178500,526876,1.1904761904761905
2024-03-20,179100,183900,177000,178000,405893,-0.2801120448179272
2024-03-21,180000,180400,175500,176500,347919,-0.8426966292134831
2024-03-22,176300,188000,174500,186100,781799,5.4390934844192635
2024-03-25,194800,199000,182300,186300,1545975,0.10746910263299302
2024-03-26,191600,194200,182800,183100,909509,-1.7176596886741815
2024-03-27,184200,188500,180700,180900,454490,-1.2015292190060076
2024-03-28,181500,184000,175100,176200,403175,-2.59812050856827
2024-03-29,175000,177300,172600,174100,329482,-1.191827468785471
2024-04-01,174100,175900,172400,173000,202715,-0.6318207926479035
2024-04-02,172800,173800,167600,168700,278426,-2.485549132947977
2024-04-03,165300,175000,162600,170700,484887,1.1855364552459988
2024-04-04,172200,176600,168000,169400,370031,-0.7615700058582308
2024-04-05,169000,171700,165600,166000,268305,-2.0070838252656436
2024-04-08,163600,169400,157700,168000,378900,1.2048192771084338
2024-04-09,169500,172000,166800,170000,236976,1.1904761904761905
2024-04-11,166500,183500,166500,167500,1035653,-1.4705882352941175
2024-04-12,170500,173400,159400,160000,612355,-4.477611940298507
2024-04-15,157700,159600,151000,151000,503192,-5.625
2024-04-16,147300,151000,145000,145900,355103,-3.377483443708609
2024-04-17,145600,147600,140600,140600,304627,-3.6326250856751203
2024-04-18,140600,149600,140600,148400,243676,5.547652916073969
2024-04-19,147900,152500,145900,150600,236194,1.482479784366577
2024-04-22,153000,155600,150500,153200,194812,1.7264276228419653
2024-04-23,152300,153900,150700,151100,123687,-1.370757180156658
2024-04-24,156400,160000,153000,160000,353556,5.890138980807412
2024-04-25,158500,159800,152100,154200,249805,-3.6249999999999996
2024-04-26,155900,158900,153500,157000,151844,1.8158236057068744
2024-04-29,156700,165100,153500,165100,298889,5.159235668789809
2024-04-30,167300,168600,163600,163900,250186,-0.7268322228952151
2024-05-02,162300,163800,158200,158200,163803,-3.4777303233679073
2024-05-03,158700,161000,157300,157600,125359,-0.37926675094816686
2024-05-07,158700,160200,156300,157600,126593,0.0
2024-05-08,157300,157800,153100,155000,187492,-1.6497461928934012
2024-05-09,154400,154900,150000,150300,224619,-3.032258064516129
2024-05-10,152400,161400,152400,153300,333198,1.996007984031936
2024-05-13,153200,157200,151500,156500,157218,2.0874103065883887
2024-05-14,156500,159000,153500,153700,151389,-1.7891373801916934
2024-05-16,155000,165000,153700,162500,445132,5.725439167208848
2024-05-17,162500,164100,159600,160800,181594,-1.0461538461538462
2024-05-20,162200,166400,159700,160700,226885,-0.06218905472636816
2024-05-21,158500,159800,151800,152000,333243,-5.413814561294338
2024-05-22,155100,157800,153000,153200,146810,0.7894736842105263
2024-05-23,152800,157500,151400,154600,156917,0.9138381201044387
2024-05-24,152300,154400,150600,150800,148117,-2.457956015523933
2024-05-27,152400,159900,150700,159100,325615,5.503978779840849
2024-05-28,157800,158900,155200,155200,187661,-2.451288497800126
2024-05-29,154300,156000,148700,150600,343495,-2.9639175257731956
2024-05-30,149800,153500,149700,150900,162358,0.199203187250996
2024-05-31,151900,156500,146500,156400,558868,3.6447978793903246
2024-06-03,155700,157700,151800,151800,217047,-2.941176470588235
2024-06-04,152200,155800,152200,153900,183652,1.383399209486166
2024-06-05,154200,160000,153600,157300,264618,2.2092267706302793
2024-06-07,159000,165000,156500,164800,336601,4.767959313413859
2024-06-10,163500,165600,159400,162800,269786,-1.2135922330097086
2024-06-11,163000,167400,161600,164800,327029,1.2285012285012284
2024-06-12,165800,166900,163400,165800,250267,0.6067961165048543
2024-06-13,167500,177000,165200,171600,1234729,3.4981905910735827
2024-06-14,171700,173400,161300,161300,511952,-6.002331002331003
2024-06-17,159400,160600,156200,156200,258521,-3.1618102913825172
2024-06-18,158400,159100,153400,153400,202152,-1.792573623559539
2024-06-19,152900,155100,151800,153200,201431,-0.1303780964797914
2024-06-20,153300,156000,153000,153400,142407,0.13054830287206268
2024-06-21,153500,154700,152000,152000,135455,-0.9126466753585397
2024-06-24,151600,151600,146100,146700,229539,-3.4868421052631575
2024-06-25,146800,147700,143100,144600,195104,-1.4314928425357873
2024-06-26,144000,144700,139500,139700,276259,-3.38865836791148
2024-06-27,140800,142300,136100,136100,228901,-2.576950608446672
2024-06-28,137000,139500,134100,135300,193638,-0.5878030859662012
2024-07-01,135500,141200,135000,141000,179527,4.212860310421286
2024-07-02,141600,143100,136300,136700,171461,-3.0496453900709217
2024-07-03,143200,153900,143000,149300,842171,9.217264081931237
2024-07-04,151700,152100,143100,144700,322034,-3.081044876088413
2024-07-05,145000,149400,143600,148100,202088,2.349689011748445
2024-07-08,147200,151600,142800,147600,243434,-0.337609723160027
2024-07-09,149100,150700,143800,144600,191923,-2.0325203252032518
2024-07-10,144600,145600,141400,142000,163078,-1.7980636237897647
2024-07-11,141600,143800,138500,138600,480807,-2.3943661971830985
2024-07-12,137800,140400,137600,138000,224581,-0.4329004329004329
2024-07-15,139500,139900,133500,133500,316545,-3.260869565217391
2024-07-16,133600,134400,124100,124700,515586,-6.591760299625468
2024-07-17,124700,126900,123300,124200,233463,-0.40096230954290296
2024-07-18,121600,125900,121500,123200,208524,-0.8051529790660225
2024-07-19,123300,126500,122200,126000,183829,2.272727272727273
2024-07-22,126000,126000,115600,116900,341020,-7.222222222222221
2024-07-23,117900,119400,112600,114200,244781,-2.309666381522669
2024-07-24,112200,117500,112200,112800,192263,-1.2259194395796849
2024-07-25,111000,118600,109200,115300,279614,2.2163120567375887
2024-07-26,116400,117100,111400,114000,217521,-1.1274934952298352
2024-07-29,114200,117500,113500,116900,114538,2.543859649122807
2024-07-30,116900,120700,116000,116500,161068,-0.3421727972626176
2024-07-31,116500,117500,110600,113700,215963,-2.40343347639485
2024-08-01,113700,117200,111800,116000,179707,2.0228671943711523
2024-08-02,113600,115000,110100,111100,185756,-4.224137931034483
2024-08-05,108200,110000,90100,92400,462584,-16.831683168316832
2024-08-06,93100,102900,93100,101500,389268,9.848484848484848
2024-08-07,98000,100500,91400,93600,674695,-7.783251231527094
2024-08-08,92600,93400,85500,86200,713013,-7.905982905982905
2024-08-09,88600,93800,88300,91300,441500,5.916473317865429
2024-08-12,91300,93800,90200,91200,161027,-0.10952902519167579
2024-08-13,91100,92000,88300,89400,168364,-1.9736842105263157
2024-08-14,92500,94200,90700,92000,233037,2.9082774049217
2024-08-16,94700,95700,92000,93600,190001,1.7391304347826086
2024-08-19,93200,93200,89000,89300,228106,-4.594017094017095
2024-08-20,90600,92400,89200,90200,167476,1.007838745800672
2024-08-21,90200,94300,90200,91600,221275,1.5521064301552108
2024-08-22,92500,94800,92100,93300,209400,1.8558951965065504
2024-08-23,91800,92500,89700,91700,139036,-1.714898177920686
2024-08-26,92800,94900,92000,92800,122106,1.1995637949836424
2024-08-27,92700,94200,90900,92400,109385,-0.43103448275862066
2024-08-28,92500,92600,88900,89200,166702,-3.463203463203463
2024-08-29,89200,92300,88000,92200,201519,3.3632286995515694
2024-08-30,92300,95400,91400,93800,249162,1.735357917570499
2024-09-02,94500,100300,94500,97600,528336,4.051172707889126
2024-09-03,99300,99300,96600,97600,200682,0.0
2024-09-04,94000,96500,92100,92400,220329,-5.327868852459016
2024-09-05,93800,95500,92000,92400,159948,0.0
2024-09-06,93300,94700,86600,86800,230007,-6.0606060606060606
2024-09-09,84800,88700,84100,87200,153746,0.4608294930875576
2024-09-10,87400,88800,82900,82900,192449,-4.931192660550459
2024-09-11,84000,90700,83800,89400,329111,7.840772014475271
2024-09-12,90400,91800,89200,91100,274611,1.901565995525727
2024-09-13,91700,91700,88800,90400,120022,-0.7683863885839737
2024-09-19,92600,93800,88700,90100,176283,-0.33185840707964603
2024-09-20,91800,92700,88100,89800,256005,-0.3329633740288568
2024-09-23,89800,94000,88600,93900,242457,4.565701559020044
2024-09-24,94800,107200,94800,104800,1080832,11.608093716719916
2024-09-25,106900,107300,104200,104500,362529,-0.2862595419847328
2024-09-26,103600,114200,102500,114200,515422,9.282296650717702
2024-09-27,112900,115000,111200,112800,333019,-1.2259194395796849
2024-09-30,114400,117900,112800,113500,426893,0.6205673758865249
2024-10-02,110500,115300,108100,113600,324666,0.0881057268722467
2024-10-04,111700,112300,106200,107500,357323,-5.369718309859155
2024-10-07,110800,119400,110300,119400,670387,11.069767441860465
2024-10-08,118600,120600,116100,118700,354012,-0.5862646566164154
2024-10-10,120000,120100,114500,116300,337689,-2.0219039595619206
2024-10-11,116400,119000,110700,111300,329052,-4.299226139294927
2024-10-14,108100,109900,105700,107000,280090,-3.8634321653189576
2024-10-15,107000,108100,102200,103500,258790,-3.2710280373831773
2024-10-16,106100,107300,100200,105100,369107,1.5458937198067633
2024-10-17,104800,107200,103100,103200,180798,-1.8078020932445291
2024-10-18,102000,104400,97600,98700,189581,-4.3604651162790695
2024-10-21,97600,98800,95900,97300,216305,-1.4184397163120568
2024-10-22,96000,96100,91500,93600,264058,-3.802672147995889
2024-10-23,92600,99600,91500,98000,226365,4.700854700854701
2024-10-24,103300,104500,98400,99500,360490,1.530612244897959
2024-10-25,105100,107000,101000,101100,416565,1.6080402010050252
2024-10-28,101500,114000,101300,111400,653610,10.187932739861523
2024-10-29,109700,115100,109100,115100,410717,3.321364452423698
2024-10-30,113800,119600,112100,112200,385735,-2.519548218940052
2024-10-31,111500,118500,110100,118100,397312,5.258467023172905
2024-11-01,115100,118700,114200,115900,218887,-1.8628281117696865
2024-11-04,114800,119000,108300,112000,750031,-3.364969801553063
2024-11-05,110200,117500,109300,115500,388600,3.125
2024-11-06,118100,118800,106500,115000,729433,-0.4329004329004329
2024-11-07,116000,119000,106000,106000,719418,-7.82608695652174
2024-11-08,107700,123900,107300,114300,1151704,7.830188679245283
2024-11-11,117600,121700,116400,118100,736249,3.3245844269466316
2024-11-12,121200,126300,118000,118200,636376,0.0846740050804403
2024-11-13,114400,117000,108800,112900,474228,-4.483925549915398
2024-11-14,115000,116700,107500,109600,391266,-2.9229406554472983
2024-11-15,103100,103700,93500,97500,723726,-11.04014598540146
2024-11-18,97500,103700,95800,102000,294760,4.615384615384616
2024-11-19,100900,102300,97800,100900,269278,-1.0784313725490196
2024-11-20,100600,106800,98700,104300,268652,3.3696729435084243
2024-11-21,103400,106700,102000,103100,211275,-1.1505273250239694
2024-11-22,104000,107300,103700,104700,221332,1.5518913676042678
2024-11-25,107700,113700,107100,112200,316827,7.163323782234957
2024-11-26,111100,113800,106800,107200,231547,-4.45632798573975
2024-11-27,107500,110000,100200,100700,217935,-6.063432835820896
2024-11-28,101500,106800,100900,104400,207345,3.6742800397219466
2024-11-29,105000,105000,97100,98300,292638,-5.842911877394636
2024-12-02,99800,102500,97500,98200,153649,-0.10172939979654119
2024-12-03,99100,100700,97100,97300,209158,-0.9164969450101833
2024-12-04,94800,98800,94100,97400,243783,0.10277492291880781
2024-12-05,99300,100600,94800,95200,223583,-2.2587268993839835
2024-12-06,95200,99000,94500,96400,264549,1.2605042016806722
2024-12-09,94200,98000,92200,94900,248715,-1.5560165975103735
2024-12-10,95800,99300,95800,98700,207189,4.004214963119073
2024-12-11,99100,106300,98000,103200,328966,4.5592705167173255
2024-12-12,105100,109700,97100,109700,578995,6.2984496124031
2024-12-13,106500,106500,102400,103700,221626,-5.469462169553328
2024-12-16,105000,105700,99700,99900,179000,-3.664416586306654
2024-12-17,99900,101800,95500,95700,213644,-4.2042042042042045
2024-12-18,97200,98100,95700,97000,116458,1.3584117032392893
2024-12-19,94100,96900,93200,94700,166499,-2.3711340206185567
2024-12-20,95800,98800,90500,90700,208575,-4.223864836325237
2024-12-23,91500,92800,89100,90300,154578,-0.4410143329658214
2024-12-24,91000,92800,88500,88500,170733,-1.9933554817275747
2024-12-26,89900,90000,85200,85500,197007,-3.389830508474576
2024-12-27,84900,86300,82100,82400,208337,-3.625730994152047
2024-12-30,81800,84700,81000,81000,159873,-1.6990291262135921
2025-01-02,81100,81500,77300,77500,286754,-4.320987654320987
2025-01-03,76800,84400,76700,81600,404893,5.290322580645161
2025-01-06,82400,87300,81400,85900,303153,5.269607843137255
2025-01-07,86900,88700,85100,85600,184982,-0.3492433061699651
2025-01-08,84000,88600,83300,87600,283978,2.336448598130841
2025-01-09,87600,88000,84000,88000,287340,0.45662100456621
2025-01-10,87100,87100,82200,82200,313812,-6.59090909090909
2025-01-13,81300,83200,80600,80600,164545,-1.9464720194647203
2025-01-14,81000,92000,80700,89000,756887,10.421836228287841
2025-01-15,88700,92200,86400,87400,399265,-1.7977528089887642
2025-01-16,91000,91800,86600,87700,397185,0.34324942791762014
2025-01-17,86500,88400,85500,85800,228905,-2.1664766248574687
2025-01-20,86600,93300,86600,93300,769131,8.741258741258742
2025-01-21,91000,94000,86500,88000,526962,-5.680600214362272
2025-01-22,88000,93700,86800,90800,433515,3.1818181818181817
2025-01-23,89100,90000,86500,86500,326934,-4.73568281938326
2025-01-24,87000,88800,86200,86800,192551,0.3468208092485549
2025-01-31,86600,88900,84500,88100,180441,1.497695852534562
2025-02-03,85200,86000,79900,79900,295734,-9.307604994324631
2025-02-04,82100,84500,79200,79900,320752,0.0
2025-02-05,80100,84000,80100,83100,232593,4.005006257822278
2025-02-06,83100,83800,80700,83000,219093,-0.12033694344163659
2025-02-07,83000,84200,81000,81000,203604,-2.4096385542168677
2025-02-10,80000,83000,78200,81800,211715,0.9876543209876543
2025-02-11,81700,82500,80300,80700,184910,-1.3447432762836184
2025-02-12,79700,81000,78500,79000,291264,-2.1065675340768277
2025-02-13,79700,84600,79700,82700,766572,4.6835443037974684
2025-02-14,82800,83100,80300,80500,280364,-2.6602176541717046
2025-02-17,80800,84400,79700,82800,348264,2.857142857142857
2025-02-18,82900,83200,80700,81300,204333,-1.8115942028985508
2025-02-19,81400,92700,81100,89700,813044,10.33210332103321
2025-02-20,89900,93200,88400,90900,408174,1.3377926421404682
2025-02-21,93200,93400,90500,91400,214832,0.5500550055005501
2025-02-24,90500,93900,88700,91700,384890,0.3282275711159737
2025-02-25,90800,90800,85700,85900,399888,-6.324972737186478
2025-02-26,83700,87600,83500,86100,572396,0.23282887077997672
2025-02-27,86500,87500,84900,85900,273547,-0.23228803716608595
2025-02-28,83700,84200,78900,78900,2681395,-8.149010477299184
2025-03-04,78900,80000,72500,72700,718829,-7.858048162230672
2025-03-05,73000,74200,70400,72700,511869,0.0
2025-03-06,73500,76000,71600,71800,405501,-1.2379642365887207
2025-03-07,70100,73800,70100,72500,298845,0.9749303621169917
2025-03-10,72500,76200,71500,75100,466998,3.5862068965517238
2025-03-11,71500,79800,70200,79800,650665,6.25832223701731
2025-03-12,79500,79500,74300,75500,898360,-5.3884711779448615
2025-03-13,77000,78700,75000,76100,831709,0.7947019867549668
2025-03-14,76100,77000,72500,73400,390176,-3.5479632063074904
2025-03-17,74000,76200,73400,74300,210904,1.226158038147139
2025-03-18,74500,76900,72600,73700,299229,-0.8075370121130552
2025-03-19,73600,74900,71600,71600,401806,-2.8493894165535956
2025-03-20,73000,74800,72050,73200,384142,2.2346368715083798
2025-03-21,72800,74200,69700,71300,536140,-2.5956284153005464
2025-03-24,72400,72400,68900,69100,324917,-3.0855539971949506
2025-03-25,70700,71500,68500,68700,250876,-0.5788712011577424
2025-03-26,69400,71800,68200,70500,266984,2.6200873362445414
2025-03-27,69100,69700,67800,67900,185203,-3.6879432624113475
2025-03-28,68000,68200,64600,64700,197954,-4.712812960235641
2025-03-31,62200,62300,59300,59800,417374,-7.573415765069552
2025-04-01,59700,60600,58800,59200,284017,-1.0033444816053512
2025-04-02,59600,60100,58000,58600,198190,-1.0135135135135136
2025-04-03,55600,58000,54700,57500,335981,-1.877133105802048
2025-04-04,56200,62000,56100,61800,489788,7.478260869565218
2025-04-07,58800,61100,56600,57100,198902,-7.605177993527508
2025-04-08,58600,59600,56600,56700,195114,-0.7005253940455342
2025-04-09,55000,57800,53800,54000,219690,-4.761904761904762
2025-04-10,58100,59900,55300,59500,357518,10.185185185185185
2025-04-11,57800,60900,57200,60800,165085,2.1848739495798317
2025-04-14,61300,63700,61300,62400,179350,2.631578947368421
2025-04-15,62200,63400,61200,61600,142144,-1.282051282051282
2025-04-16,61800,63200,59400,59600,126329,-3.2467532467532463
2025-04-17,59600,61100,59400,60700,106528,1.8456375838926176
2025-04-18,60700,61000,59300,60300,89612,-0.6589785831960462
2025-04-21,60200,61100,59400,59800,73430,-0.8291873963515755
2025-04-22,58800,61000,58700,59400,76940,-0.6688963210702341
2025-04-23,61300,67200,61100,66700,620208,12.289562289562289
2025-04-24,66800,67600,64600,65300,216794,-2.0989505247376314
2025-04-25,66400,68700,64900,67000,214749,2.6033690658499236
2025-04-28,69200,69900,67000,67900,250013,1.3432835820895521
2025-04-29,69100,69200,66600,67700,152800,-0.29455081001472755
2025-04-30,67900,67900,64800,64800,221793,-4.283604135893649
2025-05-02,63900,66900,61800,65500,222908,1.0802469135802468
2025-05-07,66300,66800,63300,64400,181388,-1.6793893129770994
2025-05-08,64100,66300,63800,65200,363556,1.2422360248447204
2025-05-09,66100,66300,61400,61800,271367,-5.214723926380368
2025-05-12,62600,65500,62400,65400,166472,5.825242718446602
2025-05-13,65200,66500,63600,64500,256311,-1.3761467889908259
2025-05-14,64600,64800,61800,63400,205201,-1.7054263565891472
2025-05-15,62800,64700,62000,62200,172575,-1.8927444794952681
2025-05-16,62100,62700,59000,59500,190858,-4.340836012861737
2025-05-19,59100,61900,59100,60000,185244,0.8403361344537815
2025-05-20,60400,60500,56600,57100,259310,-4.833333333333333
2025-05-21,57000,57700,54200,54500,314158,-4.553415061295972
2025-05-22,54700,54800,51800,52500,471688,-3.669724770642202
2025-05-23,52500,52600,47800,48000,623438,-8.571428571428571
2025-05-26,47850,50200,47000,47800,537551,-0.4166666666666667
2025-05-27,48450,48450,47425,48000,263879,0.41841004184100417
2025-05-28,49150,57500,48050,56100,1006818,16.875
2025-05-29,56700,58900,54500,56900,570532,1.4260249554367201
2025-05-30,56500,59000,54900,57200,453347,0.5272407732864675
2025-06-02,57200,57600,53000,53500,433934,-6.468531468531468
2025-06-04,54100,57100,53700,56000,322568,4.672897196261682
2025-06-05,54800,57900,54200,56800,298908,1.4285714285714286
2025-06-09,54400,54600,49250,51400,857194,-9.507042253521126
2025-06-10,52200,52400,48900,49900,773860,-2.9182879377431905
2025-06-11,50800,52200,50400,50800,364383,1.8036072144288577
2025-06-12,50400,53700,50400,52800,729956,3.937007874015748
2025-06-13,51600,51900,49400,49600,422566,-6.0606060606060606
2025-06-16,49400,49450,47100,48200,442474,-2.82258064516129
2025-06-17,48750,50850,47950,48400,375868,0.4149377593360996
2025-06-18,48900,50100,48250,48950,245707,1.1363636363636365
2025-06-19,49400,49950,47850,48950,336928,0.0
2025-06-20,49300,52300,48750,51100,575019,4.39223697650664
2025-06-23,50000,50300,48750,49700,293071,-2.73972602739726
2025-06-24,51500,55100,51200,54300,642977,9.25553319919517
2025-06-25,53900,53900,52000,53400,291447,-1.6574585635359116
2025-06-26,54000,54100,51100,52200,297231,-2.247191011235955
2025-06-27,52100,52100,49000,49500,420983,-5.172413793103448
2025-06-30,49950,51200,49050,49300,235102,-0.40404040404040403
2025-07-01,49350,50800,49000,50300,331696,2.028397565922921
2025-07-02,49600,50800,49050,50800,228009,0.9940357852882704
2025-07-03,51200,56600,50800,54900,755093,8.070866141732283
2025-07-04,53500,54400,52800,53400,195951,-2.73224043715847
2025-07-07,54600,54700,51800,51800,204989,-2.9962546816479403
2025-07-08,51500,53700,50800,52000,289297,0.3861003861003861
2025-07-09,52600,53900,52000,52500,176071,0.9615384615384616
2025-07-10,52900,53500,51400,52100,417071,-0.7619047619047619
2025-07-11,53400,59900,53400,58000,1253175,11.324376199616124
2025-07-14,57200,57400,55200,56100,381062,-3.2758620689655173
2025-07-15,57000,57000,53200,54200,497843,-3.3868092691622103
2025-07-16,54100,54800,53200,53300,175402,-1.6605166051660518
2025-07-17,54600,55500,53300,55100,287799,3.377110694183865
2025-07-18,56900,64200,56900,62200,1743058,12.885662431941924
2025-07-21,61000,64000,60300,62800,526964,0.964630225080386
2025-07-22,64000,64200,60700,61400,549359,-2.229299363057325
2025-07-23,62600,63300,60300,61800,302795,0.6514657980456027
2025-07-24,61100,69400,61100,67500,1267407,9.223300970873787
2025-07-25,66200,67900,64500,65500,574870,-2.9629629629629632
2025-07-28,67200,68300,64300,65200,458026,-0.45801526717557256
2025-07-29,63800,67500,62200,65900,414791,1.0736196319018405
2025-07-30,66600,74300,65600,72000,1074673,9.256449165402124
2025-07-31,72100,73900,68000,70300,873521,-2.361111111111111
2025-08-01,68700,69900,66000,66600,341192,-5.263157894736842
2025-08-04,67700,67700,65500,65900,230405,-1.0510510510510511
2025-08-05,67400,73700,67000,71400,768857,8.34597875569044
2025-08-06,71000,73400,70200,72000,584093,0.8403361344537815
2025-08-07,72400,73600,69700,72700,356403,0.9722222222222222
2025-08-08,73100,76500,72100,75600,603835,3.988995873452544
2025-08-11,77100,84000,76100,83400,1057500,10.317460317460316
2025-08-12,81500,86000,80200,84300,629152,1.079136690647482
2025-08-13,86800,86900,83200,84500,321944,0.2372479240806643
2025-08-14,85500,91300,85500,90500,758436,7.100591715976331
2025-08-18,89500,90200,83500,84300,490606,-6.850828729281767
2025-08-19,86100,88700,84400,87000,448941,3.202846975088968
2025-08-20,84000,91100,84000,87100,697289,0.11494252873563218
2025-08-21,88500,88600,85000,86500,428501,-0.6888633754305395
2025-08-22,86000,86700,81400,82500,577490,-4.624277456647398
2025-08-25,85000,86300,82500,82900,332035,0.48484848484848486
2025-08-26,82000,83400,80300,80500,278287,-2.8950542822677927
2025-08-27,81200,81700,79000,79500,327341,-1.2422360248447204
2025-08-28,80500,80500,68900,69700,1802917,-12.327044025157234
2025-08-29,68200,69100,65700,66000,681121,-5.308464849354376
2025-09-01,65700,66200,63200,64000,365670,-3.0303030303030303
2025-09-02,65400,65600,63300,64400,457158,0.625
2025-09-03,64200,64200,59400,61300,844736,-4.813664596273292
2025-09-04,63400,63500,60800,61300,322868,0.0
2025-09-05,61300,63800,59200,62700,852191,2.2838499184339316
2025-09-08,62800,64700,61300,62400,413943,-0.4784688995215311
2025-09-09,62700,63400,61600,62400,225090,0.0
2025-09-10,61900,64100,60700,63400,526948,1.6025641025641024
2025-09-11,63600,64000,62300,63300,379544,-0.15772870662460567
2025-09-12,64500,66100,64000,65500,467603,3.4755134281200633
2025-09-15,67100,67900,66200,67600,458549,3.2061068702290076
2025-09-16,70200,71200,69300,70700,609986,4.585798816568047
2025-09-17,71600,79800,70200,77300,1408191,9.335219236209335
2025-09-18,76000,78100,74200,78000,539002,0.9055627425614489
2025-09-19,76500,77200,74100,74500,576783,-4.487179487179487
2025-09-22,73100,78800,73100,77900,631505,4.563758389261745
2025-09-23,77200,77600,75000,77000,404707,-1.1553273427471118
2025-09-24,77600,78300,74300,74800,286656,-2.857142857142857
2025-09-25,75900,78400,75700,76600,556630,2.406417112299465
2025-09-26,74900,75300,72300,72400,376287,-5.483028720626632
2025-09-29,72500,73800,71400,72900,213561,0.6906077348066298
2025-09-30,73700,74900,72900,74300,276986,1.9204389574759946
2025-10-01,74300,74400,71900,72400,299054,-2.557200538358008
2025-10-02,73500,74200,72500,73800,317151,1.9337016574585635
2025-10-10,72900,72900,70500,71400,320533,-3.2520325203252036
2025-10-13,70400,75300,69800,74100,386957,3.7815126050420167
2025-10-14,73600,82700,73100,82500,1285619,11.336032388663968
2025-10-15,82000,82500,79500,82500,486681,0.0
2025-10-16,81700,98600,81600,98400,2235770,19.272727272727273
2025-10-17,102100,114000,98700,111000,2508939,12.804878048780488
2025-10-20,108600,118000,106300,114800,1136958,3.423423423423423
2025-10-21,113800,118900,111700,113700,799768,-0.9581881533101044
2025-10-22,115000,120700,113200,116400,652522,2.3746701846965697
2025-10-23,118300,119000,112700,113600,472995,-2.405498281786942
2025-10-24,115300,134300,114800,133600,1999866,17.6056338028169
2025-10-27,145200,148000,136000,140700,1445716,5.31437125748503
2025-10-28,139300,147200,133900,146200,1329226,3.9090262970859984
2025-10-29,143900,149000,142500,147000,625481,0.5471956224350205
2025-10-30,141100,144500,124600,124700,2154398,-15.170068027210885
2025-10-31,118800,129100,118800,122100,1023347,-2.0850040096230953
2025-11-03,126300,126400,120000,123500,610825,1.1466011466011465
2025-11-04,129100,129700,120700,121500,654464,-1.6194331983805668
2025-11-05,117900,127800,115500,125600,1573485,3.374485596707819
2025-11-06,129800,129900,125000,127700,715030,1.6719745222929936
2025-11-07,123200,127700,118000,121900,674094,-4.541895066562255
2025-11-10,121900,124400,118500,124000,416962,1.7227235438884332
2025-11-11,125000,133900,124100,127100,1068167,2.5
2025-11-12,129500,133300,125500,130700,678175,2.832415420928403
2025-11-13,129800,141600,127200,141600,1120276,8.339709257842387
2025-11-14,135000,139800,132500,133500,612719,-5.720338983050848
2025-11-17,136300,137100,126100,127200,644855,-4.719101123595506
2025-11-18,129200,131100,122500,125400,550830,-1.4150943396226416
2025-11-19,126000,127600,121600,126000,427815,0.4784688995215311
2025-11-20,128200,129600,126000,127800,271911,1.4285714285714286
2025-11-21,122000,124700,119300,119900,333903,-6.181533646322379
2025-11-24,120600,120600,111000,111500,576387,-7.005838198498749
2025-11-25,115200,116600,112000,113600,306675,1.883408071748879
2025-11-26,117200,124100,116900,124100,532703,9.242957746478874
2025-11-27,126600,128650,123400,126500,344603,1.9339242546333604
2025-11-28,130000,130700,125000,125200,366633,-1.0276679841897234
2025-12-01,127500,129900,124300,128100,359461,2.31629392971246
2025-12-02,129100,133400,126800,129100,352487,0.78064012490242
2025-12-03,126400,127000,123300,126900,1404591,-1.7041053446940357
2025-12-04,128900,129800,122300,123400,408655,-2.7580772261623325
2025-12-05,122700,126100,122100,123400,335666,0.0
2025-12-08,125000,132700,124100,132000,1237165,6.9692058346839545
2025-12-09,129000,133900,127700,132300,670913,0.22727272727272727
2025-12-10,136800,138000,126400,127100,849056,-3.9304610733182166
2025-12-11,130100,130300,125200,127000,510890,-0.07867820613690008
2025-12-12,128500,131500,126000,128400,389893,1.1023622047244095
2025-12-15,125200,128500,123500,127400,247212,-0.778816199376947
2025-12-16,126600,126600,116400,118200,614610,-7.221350078492936
2025-12-17,119300,121500,116300,118600,405818,0.338409475465313
2025-12-18,112100,113000,108100,108500,492817,-8.51602023608769
2025-12-19,109600,109600,101600,107000,692541,-1.3824884792626728
2025-12-22,108100,108600,105100,107100,282171,0.09345794392523366
2025-12-23,107100,107400,104800,106600,254402,-0.4668534080298786
2025-12-24,107000,108000,104700,105200,195319,-1.3133208255159476
2025-12-26,105700,106500,102100,103500,227969,-1.6159695817490494
2025-12-29,99200,107200,99100,105600,297537,2.0289855072463765
2025-12-30,95400,100000,92700,95200,1289522,-9.848484848484848
2026-01-02,94600,97900,93700,94300,777900,-0.9453781512605042
2026-01-05,93300,98200,92500,96300,685085,2.1208907741251326
2026-01-06,99700,105600,97700,102600,835673,6.5420560747663545
2026-01-07,101700,105000,98700,100300,379077,-2.241715399610136
2026-01-08,102400,105900,101400,104200,461008,3.8883349950149553
2026-01-09,104500,107800,102200,107700,583953,3.358925143953935
2026-01-12,104600,113900,103000,112800,688519,4.735376044568245
2026-01-13,114800,118400,112700,117300,537210,3.9893617021276597
2026-01-14,116300,119200,112900,113300,420908,-3.410059676044331
2026-01-15,114000,116500,110700,115600,352492,2.0300088261253313
2026-01-16,114700,115500,107500,108700,561154,-5.968858131487889
2026-01-19,106500,115600,106100,115000,576307,5.795768169273229
2026-01-20,114900,120100,112500,114600,567339,-0.34782608695652173
2026-01-21,110600,113100,108000,111600,313553,-2.6178010471204187
2026-01-22,112800,127000,112100,125900,1379304,12.813620071684587
2026-01-23,128400,128400,118400,120200,868954,-4.527402700555997
2026-01-26,122100,126800,120800,125800,750151,4.658901830282862
2026-01-27,123400,128800,122600,127200,762257,1.1128775834658187
2026-01-28,129700,140900,127100,136700,1574509,7.468553459119496
2026-01-29,139200,139700,126000,130700,1013381,-4.389173372348208
2026-01-30,130700,134400,125300,126300,571284,-3.366488140780413
2026-02-02,122800,134200,121500,123300,694667,-2.375296912114014
2026-02-03,127400,127500,110200,118500,1347103,-3.8929440389294405
2026-02-04,119400,123200,118500,120700,365169,1.8565400843881856
2026-02-05,120000,126000,116600,117600,567003,-2.568351284175642
2026-02-06,113800,115800,109200,113800,460682,-3.231292517006803
2026-02-09,118500,122800,117000,120800,422714,6.151142355008787
2026-02-10,121200,121900,117050,118000,282391,-2.3178807947019866
2026-02-11,119200,119700,116100,116700,184750,-1.1016949152542372
2026-02-12,118100,120000,115500,118700,390148,1.7137960582690661
2026-02-13,115600,116100,113100,113100,809714,-4.717775905644482
2026-02-19,114100,118500,113100,118200,403673,4.509283819628647
2026-02-20,117600,118700,114400,114700,333456,-2.961082910321489
2026-02-23,116700,119100,113000,114100,248481,-0.5231037489102005
2026-02-24,116700,127500,116000,124500,1201243,9.114811568799299
2026-02-25,124500,126000,122200,124900,401178,0.321285140562249
2026-02-26,126800,129000,123800,124900,450953,0.0
2026-02-27,122100,127500,121300,125700,439832,0.6405124099279423
2026-03-03,120300,125300,112000,112400,535662,-10.580747812251392
2026-03-04,106000,109700,92500,93200,629412,-17.08185053380783
2026-03-05,101200,110500,101100,107000,428293,14.806866952789699
2026-03-06,118800,118900,111300,118600,578934,10.841121495327103
2026-03-09,110800,120500,109600,113000,412446,-4.721753794266442
2026-03-10,119200,119200,111100,113100,292699,0.08849557522123894
2026-03-11,115000,117900,111900,114100,305065,0.8841732979664014
2026-03-12,113700,117100,111800,111800,606189,-2.0157756354075373
2026-03-13,108100,109700,105200,106800,451440,-4.47227191413238
2026-03-16,106900,108900,103400,105100,190842,-1.5917602996254683
2026-03-17,107400,113000,107200,110100,317545,4.757373929590866
2026-03-18,112100,112100,105600,111300,440078,1.08991825613079
2026-03-19,106700,110300,106000,108300,308418,-2.6954177897574128
2026-03-20,108900,112700,107200,112100,384986,3.508771929824561
2026-03-23,108300,118700,107200,112100,776550,0.0
2026-03-24,118000,128500,116900,125000,1385441,11.507582515611062
2026-03-25,128000,148000,127200,145300,2405085,16.24
2026-03-26,144200,148500,140700,144500,1039926,-0.5505849965588437
2026-03-27,141000,158400,140000,155300,1897659,7.474048442906573
2026-03-30,154000,162600,153800,155900,1523586,0.38634900193174504
2026-03-31,156700,159000,143000,143900,1095696,-7.6972418216805645
2026-04-01,152500,154900,140300,147400,1046406,2.432244614315497
2026-04-02,148800,171300,148800,161600,2886419,9.633649932157395
2026-04-03,166100,169200,157700,166400,1052347,2.9702970297029703
2026-04-06,171500,176500,168600,170600,911830,2.5240384615384617
2026-04-07,167000,195300,167000,185000,2190888,8.440797186400937
2026-04-08,191800,191900,180500,184100,1205873,-0.48648648648648646
2026-04-09,188800,191300,182800,183100,852550,-0.5431830526887561
2026-04-10,186200,193100,184100,186800,743997,2.020753686510104
2026-04-13,186000,187700,175600,181700,737997,-2.7301927194860816
2026-04-14,182200,183000,170700,173400,1037394,-4.567969179966978
2026-04-15,174000,174400,168800,170600,831731,-1.6147635524798154
2026-04-16,172400,173500,168100,169500,581875,-0.6447831184056272
2026-04-17,172100,185900,171800,185600,1701984,9.498525073746313
2026-04-20,184600,188300,176300,183700,657910,-1.0237068965517242
2026-04-21,189100,197000,180000,196400,1447273,6.913445835601524
2026-04-22,198000,198300,188300,194700,754499,-0.8655804480651732
2026-04-23,195300,197300,183500,189100,745868,-2.8762198253723676
2026-04-24,190000,201500,190000,198500,891885,4.970914859862507
2026-04-27,199200,209000,195200,204000,820199,2.770780856423174
2026-04-28,208500,215000,201500,205000,516672,0.49019607843137253
2026-04-29,204500,212500,204500,209000,361478,1.951219512195122
2026-04-30,208000,210500,192100,195100,730075,-6.650717703349282
2026-05-04,208500,225000,207000,213000,979132,9.174782162993337
2026-05-06,218500,219000,206000,212500,564728,-0.2347417840375587
2026-05-07,210500,213500,204500,211000,413844,-0.7058823529411765
2026-05-08,209500,209500,194000,195800,724782,-7.203791469194313
2026-05-11,196600,197600,181700,187300,976865,-4.341164453524004
2026-05-12,190200,190300,169900,175000,1173423,-6.5670048051254675
2026-05-13,171300,173000,165500,169000,580098,-3.428571428571429
2026-05-14,180200,180400,164700,171700,847725,1.5976331360946745
2026-05-15,171500,176600,156000,160200,633101,-6.697728596389051
2026-05-18,157100,163300,150100,160500,496363,0.18726591760299627
2026-05-19,164000,165000,153000,157000,374551,-2.1806853582554515
2026-05-20,155400,156500,145300,148500,489951,-5.414012738853503
2026-05-21,154500,155100,147900,155100,596367,4.444444444444445
2026-05-22,161600,170500,157300,158900,672312,2.4500322372662797
2026-05-26,165000,165300,157100,157600,383528,-0.8181246066708621
2026-05-27,159000,162100,149200,149700,492888,-5.012690355329949
2026-05-28,161700,177500,159900,169200,2021011,13.026052104208416
2026-05-29,167500,173000,156700,168300,1025931,-0.5319148936170213
2026-06-01,163900,164100,152400,155000,762095,-7.902554961378491
2026-06-02,152800,164000,149700,150000,760635,-3.225806451612903
2026-06-04,151100,157200,146600,150100,376961,0.06666666666666667
2026-06-05,147100,149400,136100,139900,405849,-6.795469686875416
