티커,상장주식수,보유수량,지분율,한도수량,한도소진률
0001A0,24791195,355110,1.43,24791195,1.43
000250,23457472,1545744,6.59,23457472,6.59
000440,6227130,192279,3.09,6227130,3.09
0004V0,10404468,284645,2.74,10404468,2.74
0004Y0,5315000,17920,0.34,5315000,0.34
0007C0,8030324,242800,3.02,8030324,3.02
0007J0,7865714,220123,2.8,7865714,2.8
0008Z0,9436564,870960,9.23,9436564,9.23
0009K0,64671161,1145299,1.77,64671161,1.77
001000,24277540,1395691,5.75,24277540,5.75
0010F0,11143601,499942,4.49,11143601,4.49
0010V0,5105400,57731,1.13,5105400,1.13
0011A0,9333740,235880,2.53,9333740,2.53
0011T0,46949591,1869112,3.98,46949591,3.98
0013V0,9918656,128224,1.29,9918656,1.29
001540,13042420,617467,4.73,13042420,4.73
0015G0,11702541,741007,6.33,11702541,6.33
0015N0,12715050,554879,4.36,12715050,4.36
0015S0,9866730,227684,2.31,9866730,2.31
001810,22137500,306262,1.38,22137500,1.38
001840,28256809,162295,0.57,28256809,0.57
002230,18705320,1397658,7.47,18705320,7.47
002290,12400000,516211,4.16,12400000,4.16
002680,32316799,1014992,3.14,32316799,3.14
002800,15170500,713544,4.7,15170500,4.7
003100,6600000,503146,7.62,6600000,7.62
003310,35392350,3909682,11.05,35392350,11.05
003380,112005621,10180451,9.09,112005621,9.09
0037T0,6330000,38798,0.61,6330000,0.61
003800,11090000,206904,1.87,11090000,1.87
0041B0,5040000,0,0.0,5040000,0.0
0041J0,4110000,0,0.0,4110000,0.0
0041L0,6030000,30791,0.51,6030000,0.51
0044K0,7520000,46649,0.62,7520000,0.62
004590,15000000,795165,5.3,15000000,5.3
004650,9190885,176340,1.92,9190885,1.92
004780,15903199,600741,3.78,15903199,3.78
005160,54244482,1027364,1.89,54244482,1.89
005290,50970126,8818049,17.3,50970126,17.3
0054V0,6216500,22496,0.36,6216500,0.36
005670,10000000,308351,3.08,10000000,3.08
005710,20037600,2890142,14.42,20037600,14.42
005860,39403685,2524444,6.41,39403685,6.41
005990,13298304,155000,1.17,13298304,1.17
006050,34895243,2595876,7.44,34895243,7.44
006140,14865000,450362,3.03,14865000,3.03
006620,28464992,503702,1.77,28464992,1.77
006730,64926923,12843587,19.78,64926923,19.78
0068Y0,4310000,19972,0.46,4310000,0.46
006910,49129824,4150570,8.45,49129824,8.45
006920,10920000,390013,3.57,10920000,3.57
0071M0,5760000,24258,0.42,5760000,0.42
0072Z0,7885000,405118,5.14,7885000,5.14
007330,15082800,323569,2.15,15082800,2.15
007370,14134587,329324,2.33,14134587,2.33
007390,64435056,5854722,9.09,64435056,9.09
007530,22254231,86061,0.39,22254231,0.39
007680,13446474,66126,0.49,13446474,0.49
007720,100800450,2555122,2.53,100800450,2.53
007770,3510000,83474,2.38,3510000,2.38
007820,20033946,452786,2.26,20033946,2.26
008290,20346839,784706,3.86,20346839,3.86
0082N0,13216780,346201,2.62,13216780,2.62
008370,12000000,151108,1.26,12000000,1.26
008470,8404800,144636,1.72,8404800,1.72
008830,8987520,215879,2.4,8987520,2.4
0088D0,5795000,9880,0.17,5795000,0.17
0088M0,9881750,332342,3.36,9881750,3.36
0091W0,6068000,7904,0.13,6068000,0.13
009300,6370000,107452,1.69,6370000,1.69
0093G0,6400000,33637,0.53,6400000,0.53
009520,41642703,2676332,6.43,41642703,6.43
009620,17473048,816814,4.67,17473048,4.67
0096B0,6580000,26245,0.4,6580000,0.4
0096D0,5500000,37883,0.69,5500000,0.69
009730,71779526,2446415,3.41,71779526,3.41
009780,17600000,385411,2.19,17600000,2.19
0097F0,6500000,20974,0.32,6500000,0.32
0098T0,5400000,8652,0.16,5400000,0.16
0099W0,7000000,24278,0.35,7000000,0.35
0099X0,5980000,1990,0.03,5980000,0.03
010170,155485660,2843741,1.83,155485660,1.83
0101C0,7740000,56052,0.72,7740000,0.72
010240,11706000,694305,5.93,11706000,5.93
010280,13024757,0,0.0,13024757,0.0
010470,11975050,449632,3.75,11975050,3.75
0105P0,5660000,9637,0.17,5660000,0.17
011040,30768766,417491,1.36,30768766,1.36
011080,4296262,0,0.0,4296262,0.0
011320,19320695,707455,3.66,19320695,3.66
011370,100894865,3981376,3.95,100894865,3.95
011560,10084872,1211347,12.01,10084872,12.01
0115H0,7350000,45447,0.62,7350000,0.62
012210,22192012,35927,0.16,22192012,0.16
012340,11300312,148891,1.32,11300312,1.32
012620,4400000,142405,3.24,4400000,3.24
012700,26194852,626516,2.39,26194852,2.39
012790,11986415,328552,2.74,11986415,2.74
012860,73233457,2864720,3.91,73233457,3.91
0129K0,5620000,2007277,35.72,5620000,35.72
013030,11768144,3346568,28.44,11768144,28.44
0130D0,5340000,19899,0.37,5340000,0.37
0130H0,7700000,62680,0.81,7700000,0.81
013120,90808100,2612514,2.88,90808100,2.88
0131D0,6310000,106215,1.68,6310000,1.68
0132G0,5970000,2910,0.05,5970000,0.05
013310,38806582,2047470,5.28,38806582,5.28
0134X0,6740000,191541,2.84,6740000,2.84
013720,60828143,778570,1.28,60828143,1.28
013810,14655470,842901,5.75,14655470,5.75
013990,32887536,1434633,4.36,32887536,4.36
014100,11800000,255273,2.16,11800000,2.16
014190,35395071,1588458,4.49,35395071,4.49
014470,60052260,720098,1.2,60052260,1.2
014570,11000000,289671,2.63,11000000,2.63
014620,26557364,8976811,33.8,26557364,33.8
014940,45573661,744425,1.63,45573661,1.63
014950,10007588,309061,3.09,10007588,3.09
014970,14825000,382881,2.58,14825000,2.58
015710,17530500,312500,1.78,17530500,1.78
015750,80000000,4167062,5.21,80000000,5.21
016100,19100894,430072,2.25,19100894,2.25
016250,5036986,79059,1.57,5036986,1.57
016600,14259768,0,0.0,14259768,0.0
016670,10194234,88509,0.87,10194234,0.87
016790,188471729,4485850,2.38,188471729,2.38
016920,26493538,669161,2.53,26493538,2.53
017000,11668027,580879,4.98,11668027,4.98
017250,21045467,0,0.0,21045467,0.0
017480,15442890,221639,1.44,15442890,1.44
017510,15246000,967734,6.35,15246000,6.35
017650,8785000,215300,2.45,8785000,2.45
017890,21273506,3814262,17.94,21273506,17.94
018000,259498284,4260675,1.64,259498284,1.64
018120,6621120,36903,0.56,6621120,0.56
018290,34941838,1780185,5.09,34941838,5.09
018310,14700000,392162,2.67,14700000,2.67
018620,5777858,132090,2.29,5777858,2.29
018680,11659319,240976,2.07,11659319,2.07
018700,11706586,0,0.0,11706586,0.0
019010,48200000,281560,0.58,48200000,0.58
019210,37193728,8803220,23.67,37193728,23.67
019540,13513500,974584,7.21,13513500,7.21
019550,81033287,4549894,5.61,81033287,5.61
019570,94250042,1678420,1.78,94250042,1.78
019660,13944333,0,0.0,13944333,0.0
019770,11650000,261381,2.24,11650000,2.24
019990,9756088,1393128,14.28,9756088,14.28
020180,38428915,2345834,6.1,38428915,6.1
020400,6378332,376705,5.91,6378332,5.91
020710,20047970,0,0.0,20047970,0.0
021040,21704774,201541,0.93,21704774,0.93
021045,848492,22204,2.62,848492,2.62
021080,48000000,4653994,9.7,48000000,9.7
021320,21400000,625427,2.92,21400000,2.92
021650,16350563,726344,4.44,16350563,4.44
021880,212184408,3356150,1.58,212184408,1.58
022220,51794579,538473,1.04,51794579,1.04
023160,25867242,5839055,22.56,25867242,22.56
023410,77310863,3977577,5.14,77310863,5.14
023440,90142761,1377213,1.53,90142761,1.53
023600,16008300,557717,3.48,16008300,3.48
023760,315609576,2377923,0.75,315609576,0.75
023770,8946495,909761,10.17,8946495,10.17
023790,13069808,56828,0.43,13069808,0.43
023900,12600000,145355,1.15,12600000,1.15
023910,6000000,1120252,18.67,6000000,18.67
024060,15000000,530269,3.54,15000000,3.54
024120,11500000,908060,7.9,11500000,7.9
024740,32897049,1992007,6.06,32897049,6.06
024800,37051812,525481,1.42,37051812,1.42
024830,8350000,165831,1.99,8350000,1.99
024840,40988890,2229865,5.44,40988890,5.44
024850,31753544,0,0.0,31753544,0.0
024880,20162754,1204351,5.97,20162754,5.97
024910,35819005,1157721,3.23,35819005,3.23
024940,10000000,615229,6.15,10000000,6.15
024950,12400000,382510,3.08,12400000,3.08
025320,92162453,1333134,1.45,92162453,1.45
025440,48781224,0,0.0,48781224,0.0
025550,25514004,1271922,4.99,25514004,4.99
025770,37444271,23736160,63.38,37444271,63.38
025870,4000000,39732,0.99,4000000,0.99
025880,16715858,2241006,13.41,16715858,13.41
025900,50557285,25585533,50.62,50557285,50.62
025950,8400000,57780,0.69,8400000,0.69
025980,97300990,8469444,8.7,97300990,8.7
026040,16503790,708035,4.29,16503790,4.29
026150,17546331,318904,1.82,17546331,1.82
026910,6405405,357432,5.58,6405405,5.58
027040,13917769,109586,0.79,13917769,0.79
027050,40000000,826319,2.07,40000000,2.07
027360,121145406,8085615,6.67,121145406,6.67
027580,11836255,343286,2.9,11836255,2.9
027710,111416600,1962147,1.76,111416600,1.76
027830,54000000,1830600,3.39,54000000,3.39
028080,2287941,0,0.0,2287941,0.0
028300,133198223,26478003,19.88,133198223,19.88
029480,59719132,776679,1.3,59719132,1.3
030350,15592079,275663,1.77,15592079,1.77
030520,24179744,1228850,5.08,24179744,5.08
030530,77237981,5340335,6.91,77237981,6.91
030960,15980000,210925,1.32,15980000,1.32
031310,29746651,958757,3.22,14575859,6.58
031330,99995067,9672240,9.67,99995067,9.67
031510,28000000,495771,1.77,28000000,1.77
031860,27005423,736557,2.73,27005423,2.73
031980,21562395,1549504,7.19,21562395,7.19
032080,21491029,195098,0.91,21491029,0.91
032190,38300000,4964755,12.96,38300000,12.96
032280,16213590,258296,1.59,16213590,1.59
032300,10906701,105168,0.96,10906701,0.96
032500,42191701,3164331,7.5,42191701,7.5
032540,20897413,169306,0.81,20897413,0.81
032580,33132064,13012775,39.28,33132064,39.28
032620,52197139,1132954,2.17,52197139,2.17
032680,20855881,5246892,25.16,20855881,25.16
032685,71362,70,0.1,71362,0.1
032750,9031122,365102,4.04,9031122,4.04
032790,25680106,144480,0.56,25680106,0.56
032800,9191411,0,0.0,9191411,0.0
032820,171605186,13191343,7.69,171605186,7.69
032850,16623293,704466,4.24,16623293,4.24
032860,40395863,233193,0.58,40395863,0.58
032940,18193230,856951,4.71,18193230,4.71
032960,3518595,14064,0.4,3518595,0.4
032980,30388995,0,0.0,30388995,0.0
033050,32579342,189217,0.58,32579342,0.58
033100,16062409,777772,4.84,16062409,4.84
033130,37115267,1455210,3.92,18186481,8.0
033160,24194466,3277803,13.55,24194466,13.55
033170,85728319,1988064,2.32,85728319,2.32
033200,9204529,7378997,80.2,9204529,80.2
033230,50515380,3257477,6.45,50515380,6.45
033290,56156301,0,0.0,56156301,0.0
033310,39972456,551924,1.38,39972456,1.38
033320,19114432,746006,3.9,19114432,3.9
033340,96950558,5013683,5.17,96950558,5.17
033500,29989494,4815643,16.06,29989494,16.06
033540,52246331,666056,1.27,52246331,1.27
033560,17100000,251881,1.47,17100000,1.47
033640,23059202,1808542,7.84,23059202,7.84
033790,82331788,36248760,44.03,82331788,44.03
033830,100000000,0,0.0,0,0.0
034810,31580152,570824,1.81,31580152,1.81
03481K,1377453,39404,2.86,1377453,2.86
034940,30979827,728854,2.35,30979827,2.35
034950,4540514,3677652,81.0,4540514,81.0
035080,11431284,297314,2.6,11431284,2.6
035200,9730590,327028,3.36,9730590,3.36
035290,4767648,56088,1.18,4767648,1.18
035460,14920340,444186,2.98,14920340,2.98
035600,27554434,1980019,7.19,27554434,7.19
035610,27345997,326829,1.2,27345997,1.2
035620,18609918,487532,2.62,18609918,2.62
035760,21929154,2944992,13.43,10745285,27.4
035810,64516185,4339104,6.73,64516185,6.73
035890,229808457,8226106,3.58,229808457,3.58
035900,35532492,6230089,17.53,35532492,17.53
036000,23034277,391903,1.7,23034277,1.7
036010,13292934,3017763,22.7,13292934,22.7
036030,49019283,717639,1.46,24019449,2.99
036090,39464095,576485,1.46,39464095,1.46
036120,35145000,374495,1.07,35145000,1.07
036170,61365626,1635840,2.67,61365626,2.67
036190,6000000,1347772,22.45,6000000,22.45
036200,30664223,4893063,15.96,30664223,15.96
036220,14309416,107282,0.75,14309416,0.75
036480,3800000,107229,2.82,3800000,2.82
036540,164460303,13862161,8.43,164460303,8.43
036560,15750000,658948,4.18,15750000,4.18
036620,90503771,14646593,16.19,90503771,16.19
036630,10000000,135212,1.35,4900000,2.76
036640,16354800,439811,2.69,16354800,2.69
036670,11270000,350571,3.11,11270000,3.11
036690,43567455,92518,0.21,43567455,0.21
036710,52827754,12476088,23.62,52827754,23.62
036800,10000000,2490613,24.9,10000000,24.9
036810,21649789,1482775,6.85,21649789,6.85
036830,20503981,1458355,7.11,20503981,7.11
036890,22032623,3056858,13.87,22032623,13.87
036930,46481121,4297012,9.24,46481121,9.24
037030,25512992,1555412,6.1,25512992,6.1
037070,20000000,301311,1.51,20000000,1.51
037230,29800327,790144,2.65,29800327,2.65
037330,43885224,2014866,4.59,43885224,4.59
037350,15210000,914952,6.02,15210000,6.02
037370,8624972,217275,2.52,8624972,2.52
037400,26223346,511862,1.95,26223346,1.95
037440,13922475,879655,6.32,13922475,6.32
037460,16318522,1306313,8.01,16318522,8.01
037760,33832921,61734,0.18,33832921,0.18
037950,16889503,70385,0.42,16889503,0.42
038010,9000000,291707,3.24,9000000,3.24
038060,48103069,2561237,5.32,48103069,5.32
038070,9300676,150165,1.61,9300676,1.61
038110,41169370,916570,2.23,41169370,2.23
038290,10841400,328363,3.03,10841400,3.03
038390,16720822,1119651,6.7,16720822,6.7
038460,25274542,1946809,7.7,25274542,7.7
038500,107916306,3739195,3.46,107916306,3.46
038530,23142869,1225896,5.3,23142869,5.3
038540,55328313,2294398,4.15,55328313,4.15
038620,15145893,529950,3.5,15145893,3.5
038680,19912642,743935,3.74,19912642,3.74
038870,14014949,264770,1.89,14014949,1.89
038880,37572117,0,0.0,37572117,0.0
038950,10210765,709245,6.95,10210765,6.95
039010,8625000,439505,5.1,8625000,5.1
039020,22584709,332286,1.47,22584709,1.47
039030,12319550,3035522,24.64,12319550,24.64
039200,38258176,4823993,12.61,38258176,12.61
039240,26979604,718942,2.66,26979604,2.66
039290,8693978,103730,1.19,4260049,2.43
039310,18121667,761351,4.2,18121667,4.2
039340,22000000,280100,1.27,10780000,2.6
039420,22946994,1847005,8.05,22946994,8.05
039440,15507047,380699,2.46,15507047,2.46
039560,42888468,2828914,6.6,42888468,6.6
039610,10410400,168668,1.62,10410400,1.62
039740,8018397,235906,2.94,8018397,2.94
039830,10762890,333420,3.1,10762890,3.1
039840,13415828,1907852,14.22,13415828,14.22
039860,38093053,466900,1.23,38093053,1.23
039980,14381214,0,0.0,14381214,0.0
040160,12055535,3311013,27.45,12055535,27.45
040300,47676980,264620,0.56,4767698,5.55
040350,19520532,0,0.0,19520532,0.0
040420,15677552,621091,3.96,15677552,3.96
040610,17043598,425611,2.5,17043598,2.5
040910,18174275,716019,3.94,18174275,3.94
041020,49683793,788396,1.59,49683793,1.59
041190,84000000,250727,0.3,84000000,0.3
041440,17841712,311741,1.75,17841712,1.75
041460,19000000,692925,3.65,19000000,3.65
041510,22894690,7342083,32.06,22894690,32.06
041520,12188730,422005,3.46,12188730,3.46
041590,48972158,757008,1.55,48972158,1.55
041830,13480882,5107890,37.88,13480882,37.88
041910,13283350,164902,1.24,13283350,1.24
041920,18598223,183061,0.98,18598223,0.98
041930,15200000,377999,2.49,15200000,2.49
041960,73886495,3326302,4.5,73886495,4.5
042000,24178169,4072244,16.84,24178169,16.84
042040,24709362,95660,0.39,24709362,0.39
042110,48329564,26209766,54.22,48329564,54.22
042370,26200025,2113353,8.07,26200025,8.07
042420,8142283,368316,4.52,8142283,4.52
042500,22291144,856711,3.84,22291144,3.84
042510,11105828,367139,3.31,11105828,3.31
042520,14261367,845567,5.93,14261367,5.93
042600,12423574,609208,4.9,12423574,4.9
042940,6828712,0,0.0,6828712,0.0
043090,4139425,59247,1.43,4139425,1.43
043100,20110080,2307125,11.47,20110080,11.47
043150,14854256,3418276,23.02,14854256,23.02
043200,41804315,1277505,3.06,41804315,3.06
043220,15922416,0,0.0,15922416,0.0
043260,70922823,2500480,3.53,70922823,3.53
043340,47500000,467898,0.99,47500000,0.99
043360,9000000,80676,0.9,9000000,0.9
043370,21000000,3202963,15.25,21000000,15.25
043590,13568381,79055,0.58,13568381,0.58
043610,58115438,369309,0.64,58115438,0.64
043650,17858304,161665,0.91,17858304,0.91
043710,17312502,53301,0.31,17312502,0.31
043910,11339145,247393,2.18,11339145,2.18
044180,26717799,1312562,4.91,26717799,4.91
044340,17873425,304076,1.7,17873425,1.7
044480,33250916,0,0.0,33250916,0.0
044490,20007381,1210585,6.05,20007381,6.05
044780,18505787,954390,5.16,18505787,5.16
044960,12641883,105010,0.83,12641883,0.83
044990,7685425,143682,1.87,7685425,1.87
045060,16941974,599389,3.54,16941974,3.54
045100,17500000,3036684,17.34,17500000,17.34
045300,10547012,338724,3.21,10547012,3.21
045340,8558040,549030,6.42,8558040,6.42
045390,70473377,3965849,5.63,70473377,5.63
045510,32209292,531944,1.65,32209292,1.65
045520,6500000,216006,3.32,6500000,3.32
045660,8260000,528962,6.4,8260000,6.4
045970,26314876,2161155,8.21,26314876,8.21
046070,15486089,16978,0.11,15486089,0.11
046120,33855433,1220745,3.61,33855433,3.61
046210,45527960,832860,1.83,45527960,1.83
046310,16418641,806908,4.91,16418641,4.91
046390,17269173,166848,0.97,17269173,0.97
046440,38010802,1668896,4.39,38010802,4.39
046890,58305400,5532981,9.49,58305400,9.49
046940,18074350,1388739,7.68,18074350,7.68
046970,43824999,1094796,2.5,43824999,2.5
047080,24822362,785659,3.17,24822362,3.17
047310,36610755,2339865,6.39,36610755,6.39
047560,11753082,303481,2.58,11753082,2.58
047770,37842602,1101624,2.91,37842602,2.91
047820,24453930,0,0.0,24453930,0.0
047920,32799356,0,0.0,32799356,0.0
048410,96505572,5401294,5.6,96505572,5.6
048430,11520000,194740,1.69,11520000,1.69
048470,9650000,295146,3.06,9650000,3.06
048530,30891758,603427,1.95,30891758,1.95
048550,96714620,2743456,2.84,96714620,2.84
048770,15697991,712571,4.54,15697991,4.54
048830,18723923,6979090,37.28,18723923,37.28
048870,88106963,11316156,12.84,88106963,12.84
048910,12578946,310378,2.47,12578946,2.47
049070,17200000,1119074,6.51,17200000,6.51
049080,84883347,3052478,3.6,84883347,3.6
049120,10601663,0,0.0,10601663,0.0
049180,83226192,1401315,1.68,83226192,1.68
049430,9048000,2131278,23.56,9048000,23.56
049470,23544899,3506401,14.89,23544899,14.89
049480,31422383,2582921,8.22,31422383,8.22
049520,30842625,2043890,6.63,30842625,6.63
049550,19606277,159507,0.81,19606277,0.81
049630,23379512,0,0.0,23379512,0.0
049720,14300000,459192,3.21,14300000,3.21
049830,6132112,47021,0.77,6132112,0.77
049950,8817884,258622,2.93,8817884,2.93
049960,9400000,427484,4.55,9400000,4.55
050090,19784735,406889,2.06,19784735,2.06
050110,29224823,1609372,5.51,29224823,5.51
050120,13564086,368642,2.72,13564086,2.72
050760,16334678,326931,2.0,16334678,2.0
050860,22500000,218074,0.97,22500000,0.97
050890,60756534,8765871,14.43,60756534,14.43
050960,6751000,75337,1.12,6751000,1.12
051160,15474430,2408492,15.56,15474430,15.56
051360,14917843,2817751,18.89,14917843,18.89
051370,23327472,2424383,10.39,23327472,10.39
051380,15340072,633135,4.13,15340072,4.13
051390,11355368,171845,1.51,11355368,1.51
051490,14200000,371614,2.62,14200000,2.62
051500,11871586,2017725,17.0,11871586,17.0
051780,6335615,0,0.0,6335615,0.0
051980,111091709,2102048,1.89,111091709,1.89
052020,67983291,3680577,5.41,67983291,5.41
052220,23000000,734302,3.19,23000000,3.19
052260,30000000,610766,2.04,30000000,2.04
052300,16244128,218151,1.34,16244128,1.34
052330,17761589,2223076,12.52,17761589,12.52
052400,14563291,546278,3.75,14563291,3.75
052420,9742009,0,0.0,9742009,0.0
052460,14607936,731593,5.01,14607936,5.01
052600,11563700,295108,2.55,11563700,2.55
052710,14612546,1728592,11.83,14612546,11.83
052770,14568774,514751,3.53,14568774,3.53
052790,10924547,5702845,52.2,10924547,52.2
052860,17862854,261064,1.46,17862854,1.46
052900,69481232,5666472,8.16,69481232,8.16
053030,32684188,1483530,4.54,32684188,4.54
053050,29987597,1346767,4.49,29987597,4.49
053060,17657419,1596462,9.04,17657419,9.04
053080,12999807,129020,0.99,12999807,0.99
053160,6000000,87467,1.46,6000000,1.46
053260,18720000,32629,0.17,18720000,0.17
053270,27410405,584250,2.13,27410405,2.13
053280,25000000,235856,0.94,25000000,0.94
053290,16526307,488007,2.95,16526307,2.95
053300,40591096,912483,2.25,40591096,2.25
053350,22021065,333044,1.51,22021065,1.51
053450,14792803,564598,3.82,14792803,3.82
053580,12954436,415513,3.21,12954436,3.21
053610,9000000,554267,6.16,9000000,6.16
053620,8600000,89439,1.04,8600000,1.04
053700,25443768,0,0.0,25443768,0.0
053800,11126506,2916053,26.2,11126506,26.2
053950,15629471,18091,0.12,15629471,0.12
053980,18982783,420088,2.21,18982783,2.21
054040,16071290,529987,3.3,16071290,3.3
054050,16030561,359170,2.24,16030561,2.24
054090,24959232,553360,2.22,24959232,2.22
054180,5527981,0,0.0,5527981,0.0
054210,25291210,2369521,9.37,25291210,9.37
054220,12590616,569665,4.52,12590616,4.52
054300,57870945,444603,0.77,57870945,0.77
054410,5726444,81547,1.42,5726444,1.42
054450,15144233,760820,5.02,15144233,5.02
054540,13000000,382507,2.94,13000000,2.94
054620,18394221,518945,2.82,18394221,2.82
054670,14354920,0,0.0,14354920,0.0
054780,19657793,1638017,8.33,19657793,8.33
054800,10347756,38505,0.37,10347756,0.37
054920,28217081,957189,3.39,28217081,3.39
054930,3000000,95063,3.17,3000000,3.17
054940,33173548,1626689,4.9,33173548,4.9
054950,12089892,2010883,16.62,12089892,16.62
056080,37512152,5289493,14.1,37512152,14.1
056090,103259036,6954590,6.74,103259036,6.74
056190,35908760,4594669,12.8,35908760,12.8
056360,9796800,183494,1.87,9796800,1.87
056700,29135091,523596,1.8,29135091,1.8
056730,14822237,237171,1.6,14822237,1.6
057030,16312697,433805,2.66,16312697,2.66
057540,59394268,2857092,4.81,59394268,4.81
057680,14249700,270543,1.9,14249700,1.9
058110,16050530,867451,5.4,16050530,5.4
058400,132429720,0,0.0,0,0.0
058450,5013372,148759,2.97,5013372,2.97
058470,76211850,17599404,23.1,76211850,23.1
058610,22177360,1355489,6.11,22177360,6.11
058630,19202574,2318975,12.08,19202574,12.08
058820,147842183,8086268,5.47,147842183,5.47
058970,12362794,318145,2.57,12362794,2.57
059090,33416778,6959475,20.83,33416778,20.83
059100,7070860,616023,8.71,7070860,8.71
059120,18310066,604600,3.3,18310066,3.3
059210,27171445,1394103,5.13,27171445,5.13
059270,11165299,366317,3.28,11165299,3.28
060150,45563612,1589984,3.49,45563612,3.49
060230,55861895,1705447,3.05,55861895,3.05
060240,5821060,1481007,25.44,5821060,25.44
060250,40160611,4122235,10.26,40160611,10.26
060260,13342356,875012,6.56,13342356,6.56
060280,41259790,1350697,3.27,41259790,3.27
060310,53059040,1237082,2.33,53059040,2.33
060370,52238854,1305015,2.5,52238854,2.5
060380,19700000,372384,1.89,19700000,1.89
060480,11090000,130693,1.18,11090000,1.18
060540,26133306,614874,2.35,26133306,2.35
060560,25388001,724479,2.85,25388001,2.85
060570,74101573,2303754,3.11,74101573,3.11
060590,24181020,335383,1.39,24181020,1.39
060720,23677442,1923709,8.12,23677442,8.12
060850,8131000,116730,1.44,8131000,1.44
060900,3991073,0,0.0,3991073,0.0
061040,9048223,0,0.0,9048223,0.0
061090,5589200,28321,0.51,5589200,0.51
061250,8417584,0,0.0,8417584,0.0
061970,58083006,19623134,33.78,58083006,33.78
062970,57088614,3060687,5.36,57088614,5.36
063080,6595192,51405,0.78,6595192,0.78
063170,17774267,521730,2.94,17774267,2.94
063440,45319364,700974,1.55,45319364,1.55
063570,34147728,746243,2.19,34147728,2.19
063760,9325130,425807,4.57,9325130,4.57
064090,49742745,836336,1.68,49742745,1.68
064240,34694251,506157,1.46,34694251,1.46
064260,75645457,3428449,4.53,75645457,4.53
064290,12863962,243636,1.89,12863962,1.89
064480,11952500,803418,6.72,11952500,6.72
064520,22351062,132736,0.59,22351062,0.59
064550,25810291,1710172,6.63,25810291,6.63
064760,11179416,7425937,66.44,11179416,66.44
064800,25561459,878171,3.44,25561459,3.44
064820,30860215,1012416,3.28,30860215,3.28
064850,11410332,1206538,10.57,11410332,10.57
065060,5990386,76102,1.27,5990386,1.27
065130,16004000,951608,5.95,16004000,5.95
065150,15938240,16568,0.1,15938240,0.1
065170,27913793,794176,2.85,27913793,2.85
065350,27483948,796727,2.9,27483948,2.9
065370,7383954,214977,2.91,7383954,2.91
065420,71577299,6704222,9.37,71577299,9.37
065440,27275020,1921513,7.04,27275020,7.04
065450,29495803,1916536,6.5,29495803,6.5
065500,33242912,850775,2.56,33242912,2.56
065510,11485863,353605,3.08,11485863,3.08
065530,47838759,578912,1.21,23440992,2.47
065570,16093838,52894,0.33,16093838,0.33
065650,21891975,242604,1.11,21891975,1.11
065660,10006100,474786,4.74,10006100,4.74
065680,9240471,929357,10.06,9240471,10.06
065690,14049331,202839,1.44,14049331,1.44
065710,5150000,113350,2.2,5150000,2.2
065770,9705565,325453,3.35,9705565,3.35
065950,28231302,529095,1.87,28231302,1.87
066130,12800000,219635,1.72,12800000,1.72
066310,9271621,480238,5.18,9271621,5.18
066360,47952015,1632692,3.4,47952015,3.4
066410,138453818,696536,0.5,138453818,0.5
066430,39153476,1730337,4.42,39153476,4.42
066590,38677937,989182,2.56,38677937,2.56
066620,7500000,951423,12.69,7500000,12.69
066670,18691918,188593,1.01,18691918,1.01
066700,37152376,732674,1.97,37152376,1.97
066790,65152039,200384,0.31,31924499,0.63
066900,22744503,89081,0.39,22744503,0.39
066910,66933164,0,0.0,66933164,0.0
066980,51935125,1710785,3.29,51935125,3.29
067000,69903446,2176538,3.11,69903446,3.11
067010,10888500,221627,2.04,10888500,2.04
067080,18616650,47625,0.26,18616650,0.26
067160,11494767,3265795,28.4,11494767,28.4
067170,26417707,413302,1.56,26417707,1.56
067280,5926779,233827,3.95,5926779,3.95
067290,56037103,1490999,2.66,56037103,2.66
067310,66464226,14971557,22.53,66464226,22.53
067370,12193555,53111,0.44,12193555,0.44
067390,415157579,9132168,2.2,415157579,2.2
067570,42170000,467166,1.11,42170000,1.11
067630,121917058,6946871,5.7,121917058,5.7
067730,9673922,322475,3.33,9673922,3.33
067770,8396593,156592,1.86,8396593,1.86
067900,18199659,760162,4.18,18199659,4.18
067920,10996119,484557,4.41,10996119,4.41
067990,29181550,1256459,4.31,29181550,4.31
068050,27694076,930511,3.36,27694076,3.36
068100,11927536,305368,2.56,11927536,2.56
068240,38163437,2010593,5.27,38163437,5.27
068330,44216140,1297850,2.94,44216140,2.94
068760,44402332,2247328,5.06,44402332,5.06
068790,22570224,1253475,5.55,22570224,5.55
068930,27675342,1090446,3.94,27675342,3.94
068940,45912716,803713,1.75,45912716,1.75
069080,30966575,9395192,30.34,30966575,30.34
069140,15095804,139026,0.92,15095804,0.92
069330,16952574,173056,1.02,16952574,1.02
069410,10244824,191786,1.87,10244824,1.87
069510,10910000,6229810,57.1,10910000,57.1
069540,104017124,2311742,2.22,104017124,2.22
069920,9296521,0,0.0,9296521,0.0
070300,35524729,2090987,5.89,35524729,5.89
070590,13879521,402234,2.9,13879521,2.9
071200,24396458,2212456,9.07,24396458,9.07
071280,15296603,6896603,45.1,15296603,45.1
071670,10000000,260600,2.61,10000000,2.61
071850,24260938,399503,1.65,24260938,1.65
072020,9458687,193691,2.05,9458687,2.05
072470,18887341,489182,2.59,18887341,2.59
072770,41512098,215110,0.52,41512098,0.52
072870,11920959,2241224,18.8,11920959,18.8
072950,8052610,113234,1.41,8052610,1.41
072990,14498206,1368992,9.44,14498206,9.44
073010,40191250,1631485,4.06,40191250,4.06
073110,8895755,82613,0.93,8895755,0.93
073190,11968040,214126,1.79,11968040,1.79
073490,7603846,394974,5.19,7603846,5.19
073540,11400000,167218,1.47,11400000,1.47
073560,69237643,1929541,2.79,69237643,2.79
073570,12037328,0,0.0,12037328,0.0
073640,106378770,668753,0.63,106378770,0.63
074430,87826844,1979515,2.25,87826844,2.25
074600,26288000,2947094,11.21,26288000,11.21
075130,16622320,628916,3.78,16622320,3.78
075970,18400000,515103,2.8,18400000,2.8
076080,22594156,553042,2.45,22594156,2.45
076610,55175440,1219414,2.21,55175440,2.21
077360,45437002,2864717,6.3,45437002,6.3
078020,55481190,1499280,2.7,55481190,2.7
078070,17604772,351636,2.0,17604772,2.0
078130,112740587,0,0.0,112740587,0.0
078140,11086579,385179,3.47,11086579,3.47
078150,92715916,3319767,3.58,92715916,3.58
078160,39204603,1441289,3.68,39204603,3.68
078340,12091313,1319405,10.91,12091313,10.91
078350,15244382,1077855,7.07,15244382,7.07
078590,9991819,137268,1.37,9991819,1.37
078600,15628217,2059038,13.18,15628217,13.18
078860,5936225,64560,1.09,5936225,1.09
078890,18424943,1740857,9.45,18424943,9.45
079000,7200000,87093,1.21,7200000,1.21
079170,5200000,365599,7.03,5200000,7.03
079190,19177757,402828,2.1,19177757,2.1
079370,31016990,1315170,4.24,31016990,4.24
079650,20000000,157741,0.79,20000000,0.79
079810,21528094,472054,2.19,21528094,2.19
079940,13420684,5382425,40.12,13420684,40.12
079950,13799100,489571,3.55,13799100,3.55
079960,7860000,577928,7.35,7860000,7.35
079970,12829234,237636,1.85,12829234,1.85
080010,9835071,352742,3.59,9835071,3.59
080160,18900000,2211430,11.7,18900000,11.7
080220,34442833,2765899,8.03,34442833,8.03
080420,79721622,84138,0.11,79721622,0.11
080470,7300000,699775,9.59,7300000,9.59
080520,11322417,293501,2.59,11322417,2.59
080530,11102175,300924,2.71,11102175,2.71
080580,21090955,2364052,11.21,21090955,11.21
080720,7912828,142985,1.81,7912828,1.81
081150,24268402,2375334,9.79,24268402,9.79
081180,8825535,518979,5.88,8825535,5.88
081580,15508143,514213,3.32,15508143,3.32
082210,34963330,3763942,10.77,34963330,10.77
082270,44269203,3604325,8.14,44269203,8.14
082660,99640869,702756,0.71,99640869,0.71
082800,60719666,747846,1.23,60719666,1.23
082850,48456578,2412682,4.98,48456578,4.98
082920,45339477,15078119,33.25,45339477,33.25
083310,17810033,1990362,11.18,17810033,11.18
083450,18430000,4024141,21.83,18430000,21.83
083470,21340329,659057,3.09,21340329,3.09
083500,8575722,1338533,15.61,8575722,15.61
083550,13556165,434742,3.21,13556165,3.21
083640,15544070,54152,0.35,15544070,0.35
083650,30944375,4709250,15.22,30944375,15.22
083660,62829459,1526817,2.43,62829459,2.43
083790,76894182,2007118,2.61,76894182,2.61
083930,14677249,1465312,9.98,14677249,9.98
084110,12659812,1006911,7.95,12659812,7.95
084180,18074283,988949,5.47,18074283,5.47
084370,22916042,8834943,38.56,22916042,38.56
084440,19132421,0,0.0,19132421,0.0
084650,74239990,2650530,3.57,74239990,3.57
084730,11109424,202128,1.82,11109424,1.82
084850,22682934,491188,2.17,22682934,2.17
084990,46092797,1305176,2.83,46092797,2.83
085660,92972846,7555442,8.13,92972846,8.13
085670,24500761,1224549,5.0,24500761,5.0
085810,13109206,0,0.0,13109206,0.0
085910,13934818,1440666,10.34,13934818,10.34
086040,15958247,347177,2.18,15958247,2.18
086060,8610587,444722,5.16,8610587,5.16
086390,21134126,1133975,5.37,21134126,5.37
086450,45230420,7301876,16.14,45230420,16.14
086520,135776152,26410050,19.45,135776152,19.45
086670,9925885,305404,3.08,9925885,3.08
086710,12203280,217289,1.78,12203280,1.78
086820,25924085,708579,2.73,25924085,2.73
086890,40774650,979677,2.4,40774650,2.4
086900,7298497,966287,13.24,7298497,13.24
086960,42115118,230192,0.55,42115118,0.55
086980,62638000,1451780,2.32,62638000,2.32
087010,23317350,1457002,6.25,23317350,6.25
087260,32552861,2322210,7.13,32552861,7.13
087600,8166558,0,0.0,8166558,0.0
088130,17485314,967086,5.53,17485314,5.53
088280,17306490,3687350,21.31,17306490,21.31
088290,7976072,476978,5.98,7976072,5.98
088340,4364368,78116,1.79,4364368,1.79
088390,9385844,43322,0.46,9385844,0.46
088800,75506434,123936,0.16,75506434,0.16
088910,25831764,1218215,4.72,25831764,4.72
089010,16770027,1104184,6.58,16770027,6.58
089030,37053645,4320980,11.66,37053645,11.66
089140,15316234,188294,1.23,15316234,1.23
089150,17150000,717744,4.19,17150000,4.19
089230,37421354,839025,2.24,37421354,2.24
089600,11568163,619165,5.35,11568163,5.35
089790,10315513,1157388,11.22,10315513,11.22
089850,14730199,522938,3.55,14730199,3.55
089890,16584962,312450,1.88,16584962,1.88
089970,24771995,5478280,22.11,24771995,22.11
089980,15989037,644839,4.03,15989037,4.03
090150,41875293,858611,2.05,41875293,2.05
090360,9750000,656010,6.73,9750000,6.73
090410,46084095,1067311,2.32,46084095,2.32
090470,17476594,534274,3.06,17476594,3.06
090710,119457197,8336955,6.98,119457197,6.98
090850,22477903,3653236,16.25,22477903,16.25
091120,17132936,1235884,7.21,17132936,7.21
091340,11703721,367897,3.14,11703721,3.14
091440,33382498,485776,1.46,33382498,1.46
091580,13328219,1429600,10.73,13328219,10.73
091590,11740000,211980,1.81,11740000,1.81
091700,50000000,13388885,26.78,50000000,26.78
091970,7534780,0,0.0,7534780,0.0
092040,70655387,2740702,3.88,70655387,3.88
092070,11571858,665086,5.75,11571858,5.75
092130,12043600,1174275,9.75,12043600,9.75
092190,45868383,1055459,2.3,45868383,2.3
092300,20149871,2023182,10.04,20149871,10.04
092460,17109680,184138,1.08,17109680,1.08
092600,5016703,39661,0.79,5016703,0.79
092730,16027989,4168789,26.02,16027989,26.02
092870,13050797,1106790,8.48,13050797,8.48
093190,19238905,2100212,10.92,19238905,10.92
093320,4880000,2131048,43.66,4880000,43.66
093380,9879313,102593,1.04,9879313,1.04
093520,11901837,3530049,29.66,11901837,29.66
093640,32675446,0,0.0,32675446,0.0
093920,18600000,547397,2.94,18600000,2.94
094170,20909936,1103768,5.28,20909936,5.28
094360,21355274,259775,1.22,21355274,1.22
094480,39229838,1227055,3.13,39229838,3.13
094820,15078709,1025689,6.8,15078709,6.8
094840,9806109,1026317,10.47,9806109,10.47
094850,14000000,484810,3.46,14000000,3.46
094860,53110014,4682313,8.82,53110014,8.82
094940,8361386,532044,6.36,8361386,6.36
094970,16748240,940979,5.62,16748240,5.62
095190,65260462,699898,1.07,65260462,1.07
095270,14372406,1313036,9.14,14372406,9.14
095340,21197058,4685126,22.1,21197058,22.1
095500,31009999,890384,2.87,31009999,2.87
095610,19360000,2228815,11.51,19360000,11.51
095660,21636459,4352602,20.12,21636459,20.12
095700,45540494,1920331,4.22,45540494,4.22
095910,37296909,1858789,4.98,37296909,4.98
096240,10738180,214073,1.99,10738180,1.99
096250,13105344,0,0.0,13105344,0.0
096350,36854762,1736783,4.71,36854762,4.71
096530,52225994,8844935,16.94,52225994,16.94
096610,17386411,869123,5.0,17386411,5.0
096630,15876323,218404,1.38,15876323,1.38
096690,4022842,46929,1.17,4022842,1.17
096870,8347999,382506,4.58,8347999,4.58
097780,50732723,731754,1.44,50732723,1.44
097800,27290045,90579,0.33,27290045,0.33
097870,8490000,137664,1.62,8490000,1.62
098070,11121141,466157,4.19,11121141,4.19
098120,8312766,1191953,14.34,8312766,14.34
098460,68654755,16295846,23.73,68654755,23.73
098660,12500976,43187,0.35,12500976,0.35
099190,28757309,7393777,25.7,28757309,25.7
099220,64944350,1613063,2.48,64944350,2.48
099320,10951278,1334147,12.18,10951278,12.18
099390,8208283,181034,2.21,8208283,2.21
099410,14000000,355816,2.54,14000000,2.54
099430,61640722,1567115,2.54,61640722,2.54
099440,68243394,4111721,6.03,68243394,6.03
099520,45281824,421747,0.93,45281824,0.93
099750,13659173,145644,1.07,13659173,1.07
100030,3283714,15188,0.46,3283714,0.46
100120,8971411,2599999,28.98,8971411,28.98
100130,57143000,1146298,2.01,57143000,2.01
100590,17139545,534625,3.12,17139545,3.12
100660,12600000,451578,3.58,12600000,3.58
100700,43800000,770435,1.76,43800000,1.76
100790,53124634,2119787,3.99,53124634,3.99
101000,39641948,542481,1.37,39641948,1.37
101160,16510993,2337862,14.16,16510993,14.16
101170,13500000,212952,1.58,13500000,1.58
101240,11357052,1770559,15.59,11357052,15.59
101330,23147029,472536,2.04,23147029,2.04
101360,17786114,245588,1.38,17786114,1.38
101390,16914354,800488,4.73,16914354,4.73
101400,11741788,437050,3.72,11741788,3.72
101490,21334879,2531525,11.87,21334879,11.87
101670,56777187,947863,1.67,56777187,1.67
101680,8404000,200832,2.39,8404000,2.39
101730,83803286,7618471,9.09,83803286,9.09
101930,46164410,309746,0.67,46164410,0.67
101970,14790009,152625,1.03,14790009,1.03
102120,17780753,1203714,6.77,17780753,6.77
102370,27229210,324223,1.19,27229210,1.19
102710,14287836,3220342,22.55,14287836,22.55
102940,13090603,525653,4.02,13090603,4.02
103230,7200000,141177,1.96,7200000,1.96
103840,16366428,638534,3.9,16366428,3.9
104040,26813565,125568,0.47,26813565,0.47
104200,14827550,305699,2.06,14827550,2.06
104460,10518101,375777,3.57,10518101,3.57
104480,90895434,4320133,4.75,90895434,4.75
104540,12785740,323497,2.53,12785740,2.53
104620,16810552,439703,2.62,16810552,2.62
104830,12608000,2117333,16.8,12608000,16.8
105330,16019520,111159,0.69,16019520,0.69
105550,78307051,3543591,4.53,78307051,4.53
105740,10168513,1152073,11.33,10168513,11.33
105760,10177387,271112,2.66,10177387,2.66
106080,5761817,820278,14.24,5761817,14.24
106190,10633173,4991617,46.94,10633173,46.94
106240,23877340,190926,0.8,23877340,0.8
106520,38695952,1522249,3.93,38695952,3.93
107600,5640954,48641,0.86,5640954,0.86
107640,9064946,213886,2.36,9064946,2.36
108230,38023245,1352282,3.56,38023245,3.56
108380,9567333,521417,5.45,9567333,5.45
108490,14657028,1166646,7.96,14657028,7.96
108860,26914790,206242,0.77,26914790,0.77
109080,5636000,77676,1.38,5636000,1.38
109610,48907400,1174995,2.4,48907400,2.4
109670,5836602,67517,1.16,5836602,1.16
109740,25710390,331901,1.29,25710390,1.29
109820,20393640,295720,1.45,20393640,1.45
109860,9100000,0,0.0,9100000,0.0
109960,11039463,0,0.0,11039463,0.0
110020,9058762,142530,1.57,9058762,1.57
110790,23430960,181639,0.78,23430960,0.78
110990,18900000,1108091,5.86,18900000,5.86
111710,20588000,85301,0.41,20588000,0.41
112040,33948483,2797560,8.24,33948483,8.24
112290,20221090,597884,2.96,20221090,2.96
113810,32628051,966591,2.96,32628051,2.96
114190,26123038,255643,0.98,26123038,0.98
114450,20000000,423963,2.12,20000000,2.12
114630,17235248,257003,1.49,17235248,1.49
114810,28143174,2314608,8.22,28143174,8.22
114840,17319900,880008,5.08,17319900,5.08
115160,4312142,190848,4.43,4312142,4.43
115180,37488455,2273287,6.06,37488455,6.06
115310,15964415,1331493,8.34,15964415,8.34
115440,10794292,223283,2.07,10794292,2.07
115450,88580109,3789679,4.28,88580109,4.28
115480,12124911,0,0.0,12124911,0.0
115500,12000000,212203,1.77,12000000,1.77
115530,7884381,0,0.0,7884381,0.0
115570,7984508,109199,1.37,7984508,1.37
115610,11818769,360430,3.05,11818769,3.05
117670,6661742,69410,1.04,6661742,1.04
117730,22558043,146486,0.65,22558043,0.65
118990,24537371,584898,2.38,24537371,2.38
119500,11847232,676578,5.71,11847232,5.71
119610,11413747,865200,7.58,11413747,7.58
119830,26349023,1300239,4.93,26349023,4.93
119850,16448909,901475,5.48,16448909,5.48
120240,7190391,149353,2.08,7190391,2.08
121440,42836818,1692598,3.95,42836818,3.95
121600,12253691,773507,6.31,12253691,6.31
121800,77201611,1131163,1.47,77201611,1.47
121850,5056999,63662,1.26,5056999,1.26
121890,13291446,2494695,18.77,13291446,18.77
122310,14553844,349840,2.4,14553844,2.4
122350,38339428,1892546,4.94,38339428,4.94
122450,44819834,906736,2.02,21961719,4.13
122640,21418509,1855212,8.66,21418509,8.66
122690,23079166,445295,1.93,23079166,1.93
122870,18691049,2157515,11.54,18691049,11.54
122990,26639081,3117483,11.7,26639081,11.7
123010,33622267,0,0.0,33622267,0.0
123040,62628299,672990,1.07,62628299,1.07
123330,7968680,383592,4.81,7968680,4.81
123410,27841064,13478639,48.4,27841064,48.4
123420,10552334,367686,3.48,10552334,3.48
123570,22276078,6020255,27.03,22276078,27.03
123750,13819259,175683,1.27,13819259,1.27
123840,6365430,50598,0.79,6365430,0.79
123860,12123415,789301,6.51,12123415,6.51
124500,23204527,1403231,6.05,23204527,6.05
124560,38720811,1214770,3.14,38720811,3.14
125020,35038550,2311856,6.6,35038550,6.6
125210,16496790,1815317,11.0,16496790,11.0
125490,36502352,1915326,5.25,36502352,5.25
126340,7143528,1124344,15.74,7143528,15.74
126600,62766899,527472,0.84,62766899,0.84
126640,35055910,2452428,7.0,35055910,7.0
126700,14942112,2386608,15.97,14942112,15.97
126730,8770126,249143,2.84,8770126,2.84
126880,23204903,479278,2.07,23204903,2.07
127120,34621046,767977,2.22,34621046,2.22
127710,44049210,156666,0.36,13214763,1.19
127980,11840684,158400,1.34,11840684,1.34
128540,26690460,803073,3.01,26690460,3.01
128660,24803369,708895,2.86,24803369,2.86
129890,45545602,1073097,2.36,45545602,2.36
129920,16248696,1392740,8.57,16248696,8.57
130500,14545052,212932,1.46,14545052,1.46
130580,15400000,6745124,43.8,15400000,43.8
130740,11276679,554951,4.92,11276679,4.92
131030,17646590,1037719,5.88,17646590,5.88
131090,7658221,308257,4.03,7658221,4.03
131100,32246724,0,0.0,32246724,0.0
131180,5870000,975361,16.62,5870000,16.62
131220,7454490,247957,3.33,7454490,3.33
131290,11061429,1293033,11.69,11061429,11.69
131370,53267083,9717726,18.23,53267083,18.23
131400,59591882,518559,0.87,59591882,0.87
131760,8686316,431483,4.97,8686316,4.97
131970,19327238,1365633,7.07,19327238,7.07
133750,23407077,472342,2.02,23407077,2.02
134060,4769250,53871,1.13,4769250,1.13
134580,49294149,681573,1.38,49294149,1.38
136150,8381030,55102,0.66,8381030,0.66
136410,11019106,261892,2.38,11019106,2.38
136480,106209702,7327499,6.9,106209702,6.9
136540,12279746,1018392,8.29,12279746,8.29
137080,11059422,156646,1.42,11059422,1.42
137400,23690728,1378405,5.82,23690728,5.82
137940,8536899,0,0.0,8536899,0.0
137950,22267814,807440,3.63,22267814,3.63
138070,17503204,423721,2.42,17503204,2.42
138080,12377758,481003,3.89,12377758,3.89
138360,76991722,4766405,6.19,76991722,6.19
138610,11367793,469413,4.13,11367793,4.13
139670,14118810,202548,1.43,14118810,1.43
140070,36988000,795916,2.15,36988000,2.15
140410,30392167,7763097,25.55,30392167,25.55
140430,10689507,19114,0.18,10689507,0.18
140520,21109243,177060,0.84,21109243,0.84
140670,12839840,558230,4.35,12839840,4.35
140860,7002469,2513913,35.9,7002469,35.9
141000,12114710,627073,5.18,12114710,5.18
141080,37019418,3999840,10.8,37019418,10.8
142210,20751403,725566,3.5,20751403,3.5
142280,21816128,713810,3.27,21816128,3.27
142760,42166980,94774,0.22,42166980,0.22
143160,10716390,270854,2.53,10716390,2.53
143240,10732731,2555894,23.81,10732731,23.81
143540,44599895,1803094,4.04,44599895,4.04
144510,15800344,577352,3.65,15800344,3.65
144960,43692624,3660075,8.38,43692624,8.38
145020,12304033,7111246,57.8,12304033,57.8
145170,16908405,178303,1.05,16908405,1.05
146060,24015595,664391,2.77,24015595,2.77
146320,12797923,600450,4.69,12797923,4.69
147760,10819866,132667,1.23,10819866,1.23
147830,20000000,964207,4.82,20000000,4.82
148150,35542818,430238,1.21,35542818,1.21
148250,13610704,121153,0.89,13610704,0.89
148780,31445725,1285311,4.09,31445725,4.09
148930,10175213,191121,1.88,10175213,1.88
149950,13667703,198938,1.46,13667703,1.46
149980,21194363,156177,0.74,21194363,0.74
150900,11703922,1052052,8.99,11703922,8.99
151860,47603002,1653067,3.47,47603002,3.47
153460,6530014,0,0.0,6530014,0.0
153490,51480000,1122522,2.18,51480000,2.18
153710,14669958,89268,0.61,14669958,0.61
154030,12061867,159447,1.32,12061867,1.32
154040,17950094,465491,2.59,17950094,2.59
155650,18974358,1008289,5.31,18974358,5.31
156100,22351153,1428434,6.39,22351153,6.39
158430,24482092,713061,2.91,24482092,2.91
159010,13334739,193257,1.45,13334739,1.45
159580,20032636,517671,2.58,20032636,2.58
159910,10467097,115703,1.11,10467097,1.11
160190,30888000,1016192,3.29,30888000,3.29
160550,27906106,2287248,8.2,27906106,8.2
160980,10924243,475422,4.35,10924243,4.35
161580,23442247,126202,0.54,23442247,0.54
162300,41471382,173513,0.42,41471382,0.42
163280,13603078,394579,2.9,13603078,2.9
163730,9406568,1035008,11.0,9406568,11.0
166090,19777674,4750870,24.02,19777674,24.02
166480,52870376,516338,0.98,52870376,0.98
168330,31754900,482405,1.52,31754900,1.52
168360,21906374,534676,2.44,21906374,2.44
169330,18316918,3976539,21.7,18316918,21.7
170030,15340000,707615,4.61,15340000,4.61
170790,6397335,207915,3.25,6397335,3.25
170920,10564126,410455,3.89,10564126,3.89
171010,14298752,536727,3.75,14298752,3.75
171090,10102626,196744,1.95,10102626,1.95
171120,35901760,769792,2.14,35901760,2.14
172670,8960259,718765,8.02,8960259,8.02
173130,13046473,468791,3.59,13046473,3.59
173940,15392808,224849,1.46,15392808,1.46
174900,19952129,2344180,11.75,19952129,11.75
175140,24944253,454264,1.82,24944253,1.82
175250,37558368,1277044,3.4,37558368,3.4
176750,28488720,239642,0.84,28488720,0.84
177350,19653767,485004,2.47,19653767,2.47
177830,13493951,150373,1.11,13493951,1.11
177900,9627600,228498,2.37,9627600,2.37
178320,63631747,8617076,13.54,63631747,13.54
178780,18639195,166888,0.9,18639195,0.9
179290,32365678,2231298,6.89,32365678,6.89
179530,19679630,306992,1.56,19679630,1.56
179900,19790412,2427493,12.27,19790412,12.27
180400,98429432,5002050,5.08,98429432,5.08
182360,15549849,582372,3.75,15549849,3.75
182400,72342431,0,0.0,72342431,0.0
183300,10460684,2265514,21.66,10460684,21.66
183490,84640235,2350812,2.78,84640235,2.78
184230,18887979,0,0.0,18887979,0.0
185490,43229784,947067,2.19,43229784,2.19
186230,10920188,273555,2.51,10920188,2.51
187220,11524933,217745,1.89,11524933,1.89
187270,10143845,260605,2.57,10143845,2.57
187420,32554286,365280,1.12,32554286,1.12
187660,55466253,2559608,4.61,55466253,4.61
187790,30840830,758300,2.46,30840830,2.46
187870,13770060,282102,2.05,13770060,2.05
188040,4679308,199826,4.27,4679308,4.27
188260,13263473,102782,0.77,13263473,0.77
189300,10737497,2380728,22.17,10737497,22.17
189330,9382284,495744,5.28,9382284,5.28
189690,27321969,349627,1.28,27321969,1.28
189860,9698780,551433,5.69,9698780,5.69
189980,40137827,1287957,3.21,40137827,3.21
190510,14085317,935898,6.64,14085317,6.64
190650,6388000,114365,1.79,6388000,1.79
191410,11204255,681044,6.08,11204255,6.08
191420,8108834,190010,2.34,8108834,2.34
192250,7067125,281980,3.99,7067125,3.99
192390,11032229,231246,2.1,11032229,2.1
192410,25185909,465356,1.85,25185909,1.85
192440,6216363,641030,10.31,6216363,10.31
193250,13368933,134312,1.0,13368933,1.0
194480,12129150,435374,3.59,12129150,3.59
194700,18254848,2019194,11.06,18254848,11.06
195500,15978000,418308,2.62,15978000,2.62
195940,28329891,3984366,14.06,28329891,14.06
195990,32575748,788855,2.42,32575748,2.42
196170,53586343,7737782,14.44,53586343,14.44
196300,9376439,161509,1.72,9376439,1.72
196450,45319582,1329133,2.93,45319582,2.93
196490,11351645,254116,2.24,11351645,2.24
196700,14364144,744428,5.18,14364144,5.18
197140,13013154,141551,1.09,13013154,1.09
198080,21535185,963191,4.47,21535185,4.47
198440,60931896,498825,0.82,60931896,0.82
198940,19461489,1780463,9.15,19461489,9.15
199430,11144043,243475,2.18,11144043,2.18
199480,10196588,752806,7.38,10196588,7.38
199550,14845791,509924,3.43,14845791,3.43
199730,4864367,99156,2.04,4864367,2.04
199800,8997629,228659,2.54,8997629,2.54
199820,22220000,937901,4.22,22220000,4.22
200130,29415558,682836,2.32,29415558,2.32
200230,71523533,3432471,4.8,71523533,4.8
200350,9996025,184554,1.85,9996025,1.85
200470,42362093,2801643,6.61,42362093,6.61
200670,11229930,926006,8.25,11229930,8.25
200710,13462007,1027440,7.63,13462007,7.63
200780,10665661,116792,1.1,10665661,1.1
201490,32593810,692869,2.13,32593810,2.13
203400,90101304,2504353,2.78,90101304,2.78
203450,14079007,1220915,8.67,14079007,8.67
203650,101097320,3740134,3.7,101097320,3.7
203690,20157320,47031,0.23,20157320,0.23
204020,19450832,497265,2.56,19450832,2.56
204270,57848466,1797825,3.11,57848466,3.11
204610,55521220,2580113,4.65,55521220,4.65
204620,70283330,6991893,9.95,70283330,9.95
204840,77549006,726028,0.94,77549006,0.94
205100,70686423,4199928,5.94,70686423,5.94
205470,24675001,0,0.0,24675001,0.0
205500,64112099,1097027,1.71,64112099,1.71
206400,37510158,0,0.0,37510158,0.0
206560,25411736,980534,3.86,25411736,3.86
206640,21907921,619079,2.83,21907921,2.83
206650,36723307,2487226,6.77,36723307,6.77
207760,83079783,1894626,2.28,83079783,2.28
208140,32684246,464750,1.42,32684246,1.42
208350,8101570,556889,6.87,8101570,6.87
208370,25740564,777398,3.02,25740564,3.02
208640,139240254,2469669,1.77,139240254,1.77
208710,13180132,835941,6.34,13180132,6.34
208860,33949973,385653,1.14,33949973,1.14
209640,28443146,671555,2.36,28443146,2.36
210120,24237478,0,0.0,24237478,0.0
211050,49263657,1200161,2.44,49263657,2.44
211270,15082304,261337,1.73,15082304,1.73
212560,11812241,662930,5.61,11812241,5.61
212710,9622978,864555,8.98,9622978,8.98
213420,24831179,3196734,12.87,24831179,12.87
214150,65235659,46497806,71.25,65235659,71.25
214180,12993367,1871845,14.41,12993367,14.41
214260,8922463,0,0.0,8922463,0.0
214270,45254585,0,0.0,45254585,0.0
214370,53715000,2073105,3.86,53715000,3.86
214430,7307215,337851,4.62,7307215,4.62
214450,10389648,665549,6.41,10389648,6.41
214610,8383322,0,0.0,8383322,0.0
214680,83477056,1809805,2.17,83477056,2.17
215000,6275415,1188498,18.94,6275415,18.94
215090,23155661,120937,0.52,23155661,0.52
215100,20348454,226121,1.11,20348454,1.11
215200,10365216,2992149,28.88,10365216,28.88
215360,9132163,242571,2.66,9132163,2.66
215380,16829576,1352258,8.04,16829576,8.04
215480,8950000,1418738,15.85,8950000,15.85
215600,138553564,5242654,3.78,138553564,3.78
215790,40283149,2554394,6.34,40283149,6.34
216050,12198622,320734,2.63,12198622,2.63
216080,37287099,1337093,3.59,37287099,3.59
217190,13153761,874537,6.65,13153761,6.65
217270,46735643,976266,2.09,46735643,2.09
217330,23129547,405759,1.75,23129547,1.75
217480,109733141,1834486,1.67,109733141,1.67
217500,31812000,599230,1.88,31812000,1.88
217730,94054149,3520032,3.74,94054149,3.74
217820,47454559,1696572,3.58,47454559,3.58
218150,20415802,666274,3.26,20415802,3.26
218410,26553442,6613921,24.9,26553442,24.9
219130,6314290,438672,6.95,6314290,6.95
219420,11469507,564862,4.92,11469507,4.92
219550,38673256,2391798,6.18,38673256,6.18
219750,65426885,242898,0.37,65426885,0.37
220100,22427420,1211188,5.4,22427420,5.4
220180,23930842,309946,1.3,23930842,1.3
220260,32072055,526093,1.64,32072055,1.64
221800,16318851,382916,2.35,16318851,2.35
221840,18700561,246259,1.32,18700561,1.32
221980,4034800,47309,1.17,4034800,1.17
222040,20628000,1205187,5.84,20628000,5.84
222080,77780144,7326688,9.42,77780144,9.42
222110,13514509,1004495,7.43,13514509,7.43
222160,9894439,176583,1.78,9894439,1.78
222420,48418523,1176789,2.43,48418523,2.43
222800,37463931,6207319,16.56,37463931,16.56
222980,11031483,236112,2.14,11031483,2.14
223250,24600444,12382114,50.34,24600444,50.34
223310,5204642,0,0.0,5204642,0.0
224060,5160722,0,0.0,5160722,0.0
224110,5080386,162861,3.21,5080386,3.21
225190,70468440,663152,0.94,70468440,0.94
225220,19190021,178895,0.93,19190021,0.93
225430,5577410,54465,0.98,5577410,0.98
225530,36338727,263869,0.73,36338727,0.73
225570,65860174,1807959,2.75,65860174,2.75
225590,5121376,69486,1.36,5121376,1.36
226330,24258475,345389,1.42,24258475,1.42
226340,8390484,14244,0.17,8390484,0.17
226400,20661601,1655365,8.01,20661601,8.01
226590,10716784,305710,2.85,10716784,2.85
226950,20300583,1675787,8.25,20300583,8.25
227100,24134182,214834,0.89,24134182,0.89
227610,19023623,0,0.0,19023623,0.0
227950,34508209,287870,0.83,34508209,0.83
228340,20000000,284911,1.42,20000000,1.42
228670,15640021,778562,4.98,15640021,4.98
228760,24859202,828026,3.33,24859202,3.33
228850,16591014,494150,2.98,16591014,2.98
229000,23428165,158138,0.67,23428165,0.67
230240,13309000,1179309,8.86,13309000,8.86
230360,30998758,1509164,4.87,30998758,4.87
232140,82045350,5095572,6.21,82045350,6.21
232680,13165949,746562,5.67,13165949,5.67
232830,16533726,403784,2.44,16533726,2.44
234030,23605000,560288,2.37,23605000,2.37
234100,14601636,0,0.0,14601636,0.0
234300,27207780,682455,2.51,27207780,2.51
234340,13970656,654844,4.69,13970656,4.69
234690,17963290,692708,3.86,17963290,3.86
234920,13530910,67762,0.5,13530910,0.5
235980,34275121,1397602,4.08,34275121,4.08
236200,6974311,1833085,26.28,6974311,26.28
236810,16975426,327041,1.93,16975426,1.93
237690,20861438,2736564,13.12,20861438,13.12
237750,6496600,101905,1.57,6496600,1.57
237820,12827140,279299,2.18,12827140,2.18
237880,18071353,215439,1.19,18071353,1.19
238090,30490440,234701,0.77,30490440,0.77
238120,14378896,392391,2.73,14378896,2.73
238200,8180000,107902,1.32,8180000,1.32
238490,11312236,242273,2.14,11312236,2.14
239340,26979634,398004,1.48,26979634,1.48
239610,5392115,53115,0.99,5392115,0.99
239890,9935755,398119,4.01,9935755,4.01
240550,20933940,260249,1.24,20933940,1.24
240600,6928151,98516,1.42,6928151,1.42
240810,49083901,9566866,19.48,49083901,19.48
241520,26600000,684609,2.57,26600000,2.57
241690,24470706,422772,1.73,24470706,1.73
241710,10680000,2274017,21.3,10680000,21.3
241770,10192640,73893,0.72,10192640,0.72
241790,10002634,389758,3.9,10002634,3.9
241820,2782098,0,0.0,2782098,0.0
241840,9539994,279948,2.93,9539994,2.93
242040,34606264,1309941,3.79,34606264,3.79
243070,11979665,1899121,15.85,11979665,15.85
243840,38558235,3432616,8.9,38558235,8.9
244460,8125511,0,0.0,8125511,0.0
245620,138493951,6300878,4.55,138493951,4.55
246250,15348206,162577,1.06,15348206,1.06
246690,47556349,933578,1.96,47556349,1.96
246710,47664504,1355494,2.84,47664504,2.84
246720,16381300,173327,1.06,16381300,1.06
246960,34017047,127607,0.38,34017047,0.38
247540,97830434,14100070,14.41,97830434,14.41
247660,4343920,93979,2.16,4343920,2.16
250000,6750733,138136,2.05,6750733,2.05
250060,32171314,628931,1.95,32171314,1.95
250930,33000440,428904,1.3,33000440,1.3
251120,8695700,984779,11.32,8695700,11.32
251370,18013213,1067646,5.93,18013213,5.93
251630,15942886,499525,3.13,15942886,3.13
251970,12400000,1704633,13.75,12400000,13.75
252500,41486390,2403379,5.79,41486390,5.79
252990,60217889,5539005,9.2,60217889,9.2
253450,30058498,2692052,8.96,30058498,8.96
253590,43869164,0,0.0,43869164,0.0
253840,16743200,417768,2.5,16743200,2.5
254120,30754270,1045254,3.4,30754270,3.4
254490,14438000,340796,2.36,14438000,2.36
255220,109563302,2237006,2.04,109563302,2.04
255440,13058000,347204,2.66,13058000,2.66
256150,8395000,166442,1.98,8395000,1.98
256630,11599414,63549,0.55,11599414,0.55
256840,68394886,2950052,4.31,68394886,4.31
256940,20078147,420043,2.09,20078147,2.09
257370,12504861,221405,1.77,12504861,1.77
257720,65576252,4665899,7.12,65576252,7.12
258610,36485063,465099,1.27,36485063,1.27
258790,4998256,114271,2.29,4998256,2.29
258830,75786351,1274059,1.68,75786351,1.68
259630,12222396,999394,8.18,12222396,8.18
260660,15327021,581605,3.79,15327021,3.79
260930,19341591,459093,2.37,19341591,2.37
260970,2892754,153331,5.3,2892754,5.3
261200,15809700,473161,2.99,15809700,2.99
261520,10277800,247587,2.41,10277800,2.41
261780,26912996,0,0.0,26912996,0.0
262260,15077660,1123074,7.45,15077660,7.45
262840,10566952,208901,1.98,10566952,1.98
263020,13836146,783954,5.67,13836146,5.67
263050,36834856,4679599,12.7,36834856,12.7
263600,15930310,583954,3.67,15930310,3.67
263690,11325610,1727173,15.25,11325610,15.25
263700,19414200,687889,3.54,19414200,3.54
263720,12412591,120865,0.97,12412591,0.97
263750,64247855,4493198,6.99,64247855,6.99
263770,23700172,326271,1.38,23700172,1.38
263800,16225380,592356,3.65,16225380,3.65
263810,15924825,207845,1.31,15924825,1.31
263860,9079600,2390246,26.33,9079600,26.33
263920,9809026,83741,0.85,9809026,0.85
264450,14665493,803311,5.48,14665493,5.48
264660,9721172,525296,5.4,9721172,5.4
264850,30294612,271960,0.9,30294612,0.9
265520,15050821,2510055,16.69,15050821,16.69
265560,10690180,118629,1.11,10690180,1.11
265740,17863600,753570,4.22,17863600,4.22
267320,57415295,168568,0.29,57415295,0.29
267790,7689309,129107,1.68,7689309,1.68
267980,7663638,1012149,13.21,7663638,13.21
269620,148582691,745835,0.5,148582691,0.5
270520,19658914,0,0.0,19658914,0.0
270660,12690583,2479,0.02,12690583,0.02
270870,9200224,72682,0.79,9200224,0.79
271830,29490202,523642,1.78,29490202,1.78
272110,8025395,986790,12.3,8025395,12.3
272290,19937509,1653703,8.29,19937509,8.29
273060,50459582,6212744,12.31,50459582,12.31
273640,10966000,278276,2.54,10966000,2.54
274090,13735953,800807,5.83,13735953,5.83
274400,9086493,177095,1.95,9086493,1.95
275630,5253808,251370,4.78,5253808,4.78
276040,21630335,1893488,8.75,21630335,8.75
276730,2284709,0,0.0,2284709,0.0
277070,13692000,177053,1.29,13692000,1.29
277410,38411505,749466,1.95,38411505,1.95
277810,19399858,1461638,7.53,19399858,7.53
277880,19843212,589438,2.97,19843212,2.97
278280,12180680,473034,3.88,12180680,3.88
278650,17432396,231117,1.33,17432396,1.33
279600,4684781,24432,0.52,4684781,0.52
281740,65730548,5837775,8.88,65730548,8.88
282720,12119500,408216,3.37,12119500,3.37
282880,11694082,235180,2.01,11694082,2.01
284620,33086953,3256613,9.84,33086953,9.84
285490,10575831,558217,5.28,10575831,5.28
285800,17477270,526612,3.01,17477270,3.01
286750,32028857,270354,0.84,32028857,0.84
287840,15021960,816123,5.43,15021960,5.43
288180,7393262,76304,1.03,7393262,1.03
288330,106080948,54907564,51.75,106080948,51.75
288620,6979316,381692,5.47,6979316,5.47
288980,36381379,956978,2.63,36381379,2.63
289010,13945256,420597,3.02,13945256,3.02
289080,60138233,3130951,5.21,60138233,5.21
289220,22312221,640136,2.87,22312221,2.87
289930,13149010,1658040,12.61,13149010,12.61
290090,7440568,42792,0.58,7440568,0.58
290120,15825177,302375,1.91,15825177,1.91
290270,9607672,316069,3.29,9607672,3.29
290520,15929362,176441,1.11,15929362,1.11
290550,20001230,1208201,6.04,20001230,6.04
290560,22362730,4000329,17.89,22362730,17.89
290650,26969704,5465476,20.27,26969704,20.27
290660,85253242,569833,0.67,85253242,0.67
290670,7857660,80476,1.02,7857660,1.02
290690,50186861,568002,1.13,50186861,1.13
290720,35459751,289976,0.82,35459751,0.82
290740,10065011,1506425,14.97,10065011,14.97
291230,44095775,462353,1.05,44095775,1.05
291650,61039242,13433121,22.02,61039242,22.02
291810,11368712,291219,2.56,11368712,2.56
293490,89786911,6204519,6.91,89786911,6.91
293580,94929950,790344,0.83,94929950,0.83
293780,28093405,665161,2.37,28093405,2.37
294090,41809105,8734965,20.89,41809105,20.89
294140,22414818,362622,1.62,22414818,1.62
294570,10091732,298378,2.96,10091732,2.96
294630,26366319,224378,0.85,26366319,0.85
295310,12027291,540894,4.5,12027291,4.5
296640,5178252,137344,2.65,5178252,2.65
297090,27270000,1611027,5.91,27270000,5.91
297570,34621218,481497,1.39,34621218,1.39
297890,73140914,1153025,1.58,73140914,1.58
298060,8840635,197080,2.23,8840635,2.23
298380,55987463,7180869,12.83,55987463,12.83
298540,14486386,1185540,8.18,14486386,8.18
298830,53458499,1598465,2.99,53458499,2.99
299030,7994910,144691,1.81,7994910,1.81
299170,41511288,1392257,3.35,41511288,3.35
299660,29502977,323992,1.1,29502977,1.1
299900,171048884,4941310,2.89,171048884,2.89
300080,16505451,713988,4.33,16505451,4.33
300120,49504016,1351748,2.73,49504016,2.73
301300,13154712,439575,3.34,13154712,3.34
302430,9833208,279494,2.84,9833208,2.84
302550,30907150,0,0.0,30907150,0.0
303030,9157476,9157476,100.0,9157476,100.0
303360,12879715,224310,1.74,12879715,1.74
303530,7339299,252639,3.44,7339299,3.44
303810,31984140,446315,1.4,31984140,1.4
304100,12593855,240393,1.91,12593855,1.91
304360,12385128,329079,2.66,12385128,2.66
304840,24320660,164835,0.68,24320660,0.68
305090,18595055,1112721,5.98,18595055,5.98
306040,9865828,690363,7.0,9865828,7.0
306620,47942184,2120887,4.42,47942184,4.42
307180,36885676,1066661,2.89,36885676,2.89
307280,7094627,98358,1.39,7094627,1.39
307750,53986288,811396,1.5,53986288,1.5
307870,74299285,332965,0.45,74299285,0.45
307930,15610000,246415,1.58,15610000,1.58
308080,20499260,422087,2.06,20499260,2.06
308100,24023008,702986,2.93,24023008,2.93
308430,12905251,567613,4.4,12905251,4.4
309710,12783001,0,0.0,12783001,0.0
309930,4897409,89689,1.83,4897409,1.83
309960,23217239,625233,2.69,23217239,2.69
310200,52162836,1911302,3.66,52162836,3.66
310210,18402171,1087805,5.91,18402171,5.91
310870,20687271,612176,2.96,20687271,2.96
311320,12614560,405692,3.22,12614560,3.22
311390,12653789,381093,3.01,12653789,3.01
311690,13065462,372086,2.85,13065462,2.85
312610,20256888,290340,1.43,20256888,1.43
313760,11207186,704586,6.29,11207186,6.29
314130,44707885,1343019,3.0,44707885,3.0
314140,8666361,120222,1.39,8666361,1.39
314930,29764103,1228547,4.13,29764103,4.13
315640,29372232,425885,1.45,29372232,1.45
317120,15260000,578046,3.79,15260000,3.79
317240,29176711,0,0.0,29176711,0.0
317330,20476584,726385,3.55,20476584,3.55
317530,17494882,54399,0.31,17494882,0.31
317690,20135029,3788071,18.81,20135029,18.81
317770,36486545,592807,1.62,36486545,1.62
317830,10773818,352173,3.27,10773818,3.27
317850,8324420,200040,2.4,8324420,2.4
317870,8841895,285988,3.23,8841895,3.23
318000,8740223,273826,3.13,8740223,3.13
318010,7929338,83981,1.06,7929338,1.06
318020,12301272,428297,3.48,12301272,3.48
318060,11173177,959069,8.58,11173177,8.58
318160,9337513,326482,3.5,9337513,3.5
318410,5555243,114908,2.07,5555243,2.07
319400,111376039,2420979,2.17,111376039,2.17
319660,28966714,7978169,27.55,28966714,27.55
320000,6668810,0,0.0,6668810,0.0
321260,28192084,612528,2.17,28192084,2.17
321370,51664906,1382269,2.68,51664906,2.68
321550,30038475,1250446,4.16,30038475,4.16
321820,15591376,165522,1.06,15591376,1.06
322180,20921984,742131,3.55,20921984,3.55
322310,9366542,604330,6.45,9366542,6.45
322510,25725892,477481,1.86,25725892,1.86
322780,8974830,0,0.0,8974830,0.0
323280,30537980,1508578,4.94,30537980,4.94
323350,8010772,808664,10.09,8010772,10.09
323990,23257345,1583345,6.81,23257345,6.81
327260,8495135,1472650,17.34,8495135,17.34
328130,74382636,9019698,12.13,74382636,12.13
328380,6852555,132841,1.94,6852555,1.94
330350,13202139,423032,3.2,13202139,3.2
330730,18217830,707135,3.88,18217830,3.88
330860,12184045,774695,6.36,12184045,6.36
331380,32411489,355211,1.1,32411489,1.1
331520,10172878,288533,2.84,10172878,2.84
331740,9749691,99665,1.02,9749691,1.02
331920,9796977,144222,1.47,9796977,1.47
332290,39904404,1657734,4.15,39904404,4.15
332370,13273726,164669,1.24,13273726,1.24
332570,46711563,533690,1.14,46711563,1.14
333050,4922665,67575,1.37,4922665,1.37
333430,30726747,362987,1.18,30726747,1.18
333620,10997910,96212,0.87,10997910,0.87
334970,77752637,32276204,41.5,77752637,41.5
335810,21949506,0,0.0,21949506,0.0
335870,16750473,2213965,13.22,16750473,13.22
336060,48155200,1204212,2.5,48155200,2.5
336570,89580646,1974433,2.2,89580646,2.2
336680,39145558,202358,0.52,39145558,0.52
337930,29676475,1543812,5.2,29676475,5.2
338220,14001823,495448,3.54,14001823,3.54
338840,15366681,481510,3.13,15366681,3.13
339950,44946655,1622708,3.61,44946655,3.61
340360,52062772,349529,0.67,52062772,0.67
340440,28378364,1518195,5.35,28378364,5.35
340450,23650793,739519,3.13,23650793,3.13
340570,8128000,1072392,13.19,8128000,13.19
340810,13644976,188169,1.38,13644976,1.38
340930,68875785,1093414,1.59,68875785,1.59
342870,5450197,31253,0.57,5450197,0.57
344860,12030000,777559,6.46,12030000,6.46
347000,37810846,321937,0.85,37810846,0.85
347700,50814305,3289410,6.47,50814305,6.47
347740,30010576,463714,1.55,30010576,1.55
347770,22857042,1063878,4.65,22857042,4.65
347850,43804147,3471702,7.93,43804147,7.93
347860,41300953,2264230,5.48,41300953,5.48
347890,16963204,206038,1.21,16963204,1.21
348030,9603800,87339,0.91,9603800,0.91
348080,115449781,3737791,3.24,115449781,3.24
348150,19418889,451228,2.32,19418889,2.32
348210,10477005,1408660,13.45,10477005,13.45
348340,12362151,439180,3.55,12362151,3.55
348350,9978600,356041,3.57,9978600,3.57
348370,21910993,637816,2.91,21910993,2.91
351320,29698642,731724,2.46,29698642,2.46
351330,8288520,325592,3.93,8288520,3.93
351870,11160642,114994,1.03,11160642,1.03
352090,26872998,390400,1.45,26872998,1.45
352480,13629901,166194,1.22,13629901,1.22
352700,26276899,316542,1.2,26276899,1.2
352770,2592407,73072,2.82,2592407,2.82
352910,12637802,79169,0.63,12637802,0.63
352940,10867730,143243,1.32,10867730,1.32
353190,7875684,128085,1.63,7875684,1.63
353590,12875570,328228,2.55,12875570,2.55
353810,33081920,2455027,7.42,33081920,7.42
354200,26809750,539848,2.01,26809750,2.01
354320,6391381,376675,5.89,6391381,5.89
355150,7797350,1524093,19.55,7797350,19.55
355390,15874344,138699,0.87,15874344,0.87
355690,9404980,298617,3.18,9404980,3.18
356680,28543492,217863,0.76,28543492,0.76
356860,9832630,1578916,16.06,9832630,16.06
356890,11953825,200183,1.67,11953825,1.67
357230,41293476,447045,1.08,41293476,1.08
357550,5455000,45675,0.84,5455000,0.84
357580,11789762,1078350,9.15,11789762,9.15
357780,7778566,1900872,24.44,7778566,24.44
357880,52680696,771950,1.47,52680696,1.47
358570,64270771,4313967,6.71,64270771,6.71
359090,57470717,794761,1.38,57470717,1.38
360070,8188043,0,0.0,8188043,0.0
360350,5737970,487795,8.5,5737970,8.5
361390,9736381,2077360,21.34,9736381,21.34
361570,28743291,973539,3.39,28743291,3.39
361670,5667658,92004,1.62,5667658,1.62
362320,21151290,0,0.0,21151290,0.0
362990,16800574,406292,2.42,16800574,2.42
363250,8508382,146627,1.72,8508382,1.72
363260,32163769,694808,2.16,32163769,2.16
364950,8296445,265300,3.2,8296445,3.2
365270,22071992,182459,0.83,22071992,0.83
365330,50171000,2841557,5.66,50171000,5.66
365340,12921115,243101,1.88,12921115,1.88
365590,31005784,1427316,4.6,31005784,4.6
365900,7310300,74947,1.03,7310300,1.03
366030,22653850,284924,1.26,22653850,1.26
367000,8388207,67593,0.81,8388207,0.81
368600,25538346,699272,2.74,25538346,2.74
368770,32854225,721425,2.2,32854225,2.2
368970,4567833,43767,0.96,4567833,0.96
369370,49871911,4470361,8.96,49871911,8.96
370090,8556830,543375,6.35,8556830,6.35
371950,22662548,69710,0.31,22662548,0.31
372170,7979048,83757,1.05,7979048,1.05
372320,15225918,429487,2.82,15225918,2.82
372800,7037189,56373,0.8,7037189,0.8
373110,17294394,288398,1.67,17294394,1.67
373160,13807469,131480,0.95,13807469,0.95
373170,15113790,171944,1.14,15113790,1.14
373200,25043237,54917,0.22,25043237,0.22
376180,18561038,371284,2.0,18561038,2.0
376270,7203187,47905,0.67,7203187,0.67
376290,17657500,12405284,70.25,17657500,70.25
376300,23738406,1347899,5.68,23738406,5.68
376900,15873789,526093,3.31,15873789,3.31
376930,51291323,4276217,8.34,51291323,8.34
376980,9766394,266395,2.73,9766394,2.73
377030,10694360,46130,0.43,10694360,0.43
377220,28310000,447428,1.58,28310000,1.58
377330,8139954,111983,1.38,8139954,1.38
377450,17330000,496646,2.87,17330000,2.87
377460,62055687,13966,0.02,62055687,0.02
377480,7110275,0,0.0,7110275,0.0
378340,21625382,299271,1.38,21625382,1.38
378800,46243031,1377120,2.98,46243031,2.98
380540,24456583,52318,0.21,24456583,0.21
380550,12198866,344064,2.82,12198866,2.82
381620,13117920,168273,1.28,13117920,1.28
382150,12195957,173354,1.42,12195957,1.42
382480,39357140,1783797,4.53,39357140,4.53
382800,31831041,4928401,15.48,31831041,15.48
382840,15271581,254868,1.67,15271581,1.67
382900,8761000,345667,3.95,8761000,3.95
383310,20974932,1365307,6.51,20974932,6.51
383930,12784128,156245,1.22,12784128,1.22
384470,17946692,636976,3.55,17946692,3.55
387570,5625900,44842,0.8,5625900,0.8
388050,18709437,1064478,5.69,18709437,5.69
388210,9654438,747434,7.74,9654438,7.74
388610,5303709,128256,2.42,5303709,2.42
388720,11781345,1736118,14.74,11781345,14.74
388790,30614160,647371,2.11,30614160,2.11
388870,12945932,152676,1.18,12945932,1.18
389020,6905082,45424,0.66,6905082,0.66
389030,33588445,981828,2.92,33588445,2.92
389140,14269735,133508,0.94,14269735,0.94
389260,17916325,272623,1.52,17916325,1.52
389470,13307708,1139940,8.57,13307708,8.57
389500,6663472,487525,7.32,6663472,7.32
389650,8277286,230805,2.79,8277286,2.79
389680,8318493,0,0.0,8318493,0.0
391710,42620470,270980,0.64,42620470,0.64
393210,15614544,224502,1.44,15614544,1.44
393890,33843144,1413053,4.18,33843144,4.18
393970,17850820,687219,3.85,17850820,3.85
394280,26346530,725798,2.75,26346530,2.75
394420,10934938,451189,4.13,10934938,4.13
394800,31822553,3769484,11.85,31822553,11.85
396270,32887431,1221067,3.71,32887431,3.71
396300,26489500,1234976,4.66,26489500,4.66
396470,16120000,430750,2.67,16120000,2.67
397030,23413826,2228688,9.52,23413826,9.52
397810,5160770,62743,1.22,5160770,1.22
398120,11818511,359963,3.05,11818511,3.05
399720,11838844,30167,0.25,11838844,0.25
402030,12517488,66361,0.53,12517488,0.53
402490,16935217,552240,3.26,16935217,3.26
403490,45932464,1886922,4.11,45932464,4.11
403850,14351010,157188,1.1,14351010,1.1
403870,82300000,26350673,32.03,82300000,32.03
405000,3838444,636945,16.6,3838444,16.6
405100,12289301,842419,6.85,12289301,6.85
405920,12878076,68933,0.54,12878076,0.54
406820,14136157,287872,2.04,14136157,2.04
407400,14634534,351178,2.4,14634534,2.4
408470,10572000,240078,2.27,10572000,2.27
408900,32752929,1007216,3.08,32752929,3.08
408920,43232455,1273364,2.95,43232455,2.95
411080,15267638,135199,0.89,15267638,0.89
412350,14435282,980501,6.79,14435282,6.79
412540,20600665,157982,0.77,20600665,0.77
413390,11580180,176570,1.52,11580180,1.52
413630,36436626,642643,1.76,36436626,1.76
413640,7206940,145753,2.02,7206940,2.02
415380,11442975,336760,2.94,11442975,2.94
416180,9039778,69895,0.77,9039778,0.77
417010,20172728,502417,2.49,20172728,2.49
417180,3509724,56062,1.6,3509724,1.6
417200,67652659,4748498,7.02,67652659,7.02
417500,32784744,2019624,6.16,32784744,6.16
417790,10468391,409067,3.91,10468391,3.91
417840,22663931,1739024,7.67,22663931,7.67
417860,4696906,97857,2.08,4696906,2.08
417970,6396700,171498,2.68,6396700,2.68
418250,7271605,45153,0.62,7271605,0.62
418420,30700933,1482332,4.83,30700933,4.83
418470,8565789,438297,5.12,8565789,5.12
418550,32017673,1040460,3.25,32017673,3.25
418620,19850477,844685,4.26,19850477,4.26
419050,57196240,555640,0.97,57196240,0.97
419080,10685137,0,0.0,10685137,0.0
419120,14718362,470837,3.2,14718362,3.2
419530,10029487,410356,4.09,10029487,4.09
419540,4598502,0,0.0,4598502,0.0
420570,5847483,113545,1.94,5847483,1.94
420770,12675758,455342,3.59,12675758,3.59
424760,10054368,192866,1.92,10054368,1.92
424870,74442069,312589,0.42,74442069,0.42
424960,16485110,507026,3.08,16485110,3.08
424980,5918890,317390,5.36,5918890,5.36
425040,21374682,327360,1.53,21374682,1.53
425420,12347181,462435,3.75,12347181,3.75
429270,6449231,201917,3.13,6449231,3.13
430690,10895304,206014,1.89,10895304,1.89
431190,7486442,229250,3.06,7486442,3.06
432430,16508320,1533995,9.29,16508320,9.29
432470,8771556,127167,1.45,8771556,1.45
432720,14187572,549327,3.87,14187572,3.87
432980,8591742,175663,2.04,8591742,2.04
434480,12310300,265943,2.16,12310300,2.16
435570,7616983,65088,0.85,7616983,0.85
437730,31707567,837792,2.64,31707567,2.64
438700,11144890,149633,1.34,11144890,1.34
439090,16393260,177561,1.08,16393260,1.08
439580,33846547,1024817,3.03,33846547,3.03
439960,32450626,0,0.0,32450626,0.0
440110,50096827,11940730,23.84,50096827,23.84
440290,27506430,233013,0.85,27506430,0.85
440320,9830000,170151,1.73,9830000,1.73
441270,41731212,3147305,7.54,41731212,7.54
443250,11137760,92709,0.83,11137760,0.83
443670,24741392,339981,1.37,24741392,1.37
444530,6418644,126676,1.97,6418644,1.97
445090,10925658,273659,2.5,10925658,2.5
445180,17189188,1345938,7.83,17189188,7.83
445680,17203255,1401085,8.14,17203255,8.14
446540,29079111,8518802,29.3,29079111,29.3
446840,55083083,755223,1.37,55083083,1.37
448280,29631129,124721,0.42,29631129,0.42
448710,5285292,155078,2.93,5285292,2.93
448900,6074457,100113,1.65,6074457,1.65
450330,8186843,105891,1.29,8186843,1.29
450520,14704578,313747,2.13,14704578,2.13
450950,37627592,280487,0.75,37627592,0.75
451220,7874611,153833,1.95,7874611,1.95
451250,10225877,115703,1.13,10225877,1.13
451700,14350000,335343,2.34,14350000,2.34
451760,16199074,527461,3.26,16199074,3.26
452160,9617527,62349,0.65,9617527,0.65
452190,23920557,477641,2.0,23920557,2.0
452200,24232800,421135,1.74,24232800,1.74
452280,19247670,755108,3.92,19247670,3.92
452300,14169505,617787,4.36,14169505,4.36
452400,9071428,100643,1.11,9071428,1.11
452430,8255421,486410,5.89,8255421,5.89
452450,36028500,354351,0.98,36028500,0.98
453450,7942750,80771,1.02,7942750,1.02
453860,6444423,887961,13.78,6444423,13.78
455180,13958316,413634,2.96,13958316,2.96
455900,15301831,332596,2.17,15301831,2.17
456010,14010894,1263613,9.02,14010894,9.02
456070,11028717,392677,3.56,11028717,3.56
456160,16545359,914329,5.53,16545359,5.53
457370,8062134,217046,2.69,8062134,2.69
457550,9318958,249877,2.68,9318958,2.68
457600,13707500,612755,4.47,13707500,4.47
458350,8683200,109650,1.26,8683200,1.26
458650,15045670,158465,1.05,15045670,1.05
458870,38059740,2651078,6.97,38059740,6.97
459100,13466100,675825,5.02,13466100,5.02
459510,12978382,88734,0.68,12978382,0.68
459550,25220761,1031990,4.09,25220761,4.09
460470,15119370,306990,2.03,15119370,2.03
460870,20073304,551536,2.75,20073304,2.75
460930,35510671,286559,0.81,35510671,0.81
460940,13455280,206931,1.54,13455280,1.54
461030,14334517,818848,5.71,14334517,5.71
461300,13323933,609707,4.58,13323933,4.58
462310,8185121,142193,1.74,8185121,1.74
462350,20868662,298764,1.43,20868662,1.43
462510,8802965,128647,1.46,8802965,1.46
462860,71756523,998747,1.39,71756523,1.39
462980,18234437,396066,2.17,18234437,2.17
463020,8879200,90070,1.01,8879200,1.01
463480,12390358,180003,1.45,12390358,1.45
464080,17947045,209967,1.17,17947045,1.17
464280,5530000,137840,2.49,5530000,2.49
464440,4320000,7110,0.16,4320000,0.16
464490,11482113,375308,3.27,11482113,3.27
464500,13993263,869644,6.21,13993263,6.21
464580,18406089,323684,1.76,18406089,1.76
464680,12905000,418538,3.24,12905000,3.24
465320,3810000,6197,0.16,3810000,0.16
465480,10137772,138546,1.37,10137772,1.37
466100,25459239,1178518,4.63,25459239,4.63
466410,5037023,87894,1.74,5037023,1.74
466690,5095000,16020,0.31,5095000,0.31
467930,4230000,908,0.02,4230000,0.02
468530,11035208,624912,5.66,11035208,5.66
468760,4240000,1200,0.03,4240000,0.03
469480,4230000,24338,0.58,4230000,0.58
469610,8942900,29884,0.33,8942900,0.33
469750,34456481,871090,2.53,34456481,2.53
469880,7305000,22734,0.31,7305000,0.31
469900,5605000,22730,0.41,5605000,0.41
471050,6060000,5204,0.09,6060000,0.09
471820,11302879,53413,0.47,11302879,0.47
472220,4690000,308,0.01,4690000,0.01
472230,4155000,17990,0.43,4155000,0.43
472850,57571652,253046,0.44,57571652,0.44
473000,3310000,11986,0.36,3310000,0.36
473050,7010000,7285,0.1,7010000,0.1
473950,4420000,16655,0.38,4420000,0.38
473980,11059322,286192,2.59,11059322,2.59
474170,17817696,595828,3.34,17817696,3.34
474490,5510000,15296,0.28,5510000,0.28
474610,14307648,1178367,8.24,14307648,8.24
474650,5750107,210658,3.66,5750107,3.66
474660,5520000,52655,0.95,5520000,0.95
474930,3620000,880414,24.31,3620000,24.31
475230,10898683,962796,8.83,10898683,8.83
475240,3200000,59464,1.86,3200000,1.86
475250,3700000,19466,0.53,3700000,0.53
475400,11756062,205511,1.75,11756062,1.75
475430,17848110,455341,2.55,17848110,2.55
475460,5613025,263195,4.69,5613025,4.69
475580,13624900,465012,3.41,13624900,3.41
475660,7929835,178478,2.25,7929835,2.25
475830,21513325,2290982,10.65,21513325,10.65
475960,13383274,293305,2.19,13383274,2.19
476040,6585760,340128,5.16,6585760,5.16
476060,45407840,0,0.0,45407840,0.0
476080,8077000,240673,2.98,8077000,2.98
476830,13933842,1332014,9.56,13933842,9.56
477340,7510000,0,0.0,7510000,0.0
477380,8100000,36321,0.45,8100000,0.45
477470,5480000,11432,0.21,5480000,0.21
477760,5840000,7226,0.12,5840000,0.12
477850,17541640,0,0.0,17541640,0.0
478110,5020000,0,0.0,5020000,0.0
478340,11533591,165431,1.43,11533591,1.43
478390,6220000,29388,0.47,6220000,0.47
478440,6930000,11385,0.16,6930000,0.16
478560,25830298,207125,0.8,25830298,0.8
479880,6870000,31657,0.46,6870000,0.46
479960,6851000,153934,2.25,6851000,2.25
481070,14330250,117110,0.82,14330250,0.82
481890,6345000,23491,0.37,6345000,0.37
482520,6100000,11790,0.19,6100000,0.19
482630,21888280,1022206,4.67,21888280,4.67
482680,8215000,0,0.0,8215000,0.0
482690,5615000,1036,0.02,5615000,0.02
484120,10957422,49006,0.45,10957422,0.45
484130,4520000,17297,0.38,4520000,0.38
484590,41210450,2034014,4.94,41210450,4.94
484810,15450915,159784,1.03,15450915,1.03
486630,5310000,32518,0.61,5310000,0.61
486990,21346230,166706,0.78,21346230,0.78
487360,5640000,137781,2.44,5640000,2.44
487580,25182861,278228,1.1,25182861,1.1
487720,4230000,14502,0.34,4230000,0.34
487830,4350000,2551,0.06,4350000,0.06
488060,4720000,0,0.0,4720000,0.0
488280,10803486,95696,0.89,10803486,0.89
488900,28976443,212306,0.73,28976443,0.73
489210,5180000,11080,0.21,5180000,0.21
489460,15044430,212383,1.41,15044430,1.41
489480,6600000,19073,0.29,6600000,0.29
489500,6391238,162029,2.54,6391238,2.54
489730,6332000,16767,0.26,6332000,0.26
490470,33999890,211217,0.62,33999890,0.62
491000,25004391,1396773,5.59,25004391,5.59
492220,6210000,93315,1.5,6210000,1.5
493280,14827449,284430,1.92,14827449,1.92
493330,7682146,167786,2.18,7682146,2.18
493790,5310000,24678,0.46,5310000,0.46
494120,7629882,531725,6.97,7629882,6.97
496070,5620000,50139,0.89,5620000,0.89
498390,4960000,11637,0.23,4960000,0.23
900070,53743968,2148524,4.0,53743968,4.0
900100,52760502,5197692,9.85,52760502,9.85
900110,36874745,0,0.0,36874745,0.0
900120,37348303,0,0.0,37348303,0.0
900250,143260004,36464423,25.45,143260004,25.45
900260,46029706,25757829,55.97,46029706,55.97
900270,24404704,19560223,80.1,24404704,80.1
900290,81800000,60484409,73.94,81800000,73.94
900300,389004876,0,0.0,389004876,0.0
900310,64041675,41133952,64.25,64041675,64.25
900340,12582732,4078612,32.4,12582732,32.4
950130,35173834,1595084,4.53,35173834,4.53
950140,19867866,2175927,10.95,19867866,10.95
950160,84736050,4091158,4.83,84736050,4.83
950170,51746348,6897688,13.33,51746348,13.33
950190,13017059,2533910,19.47,13017059,19.47
950200,19236053,0,0.0,19236053,0.0
950220,167639400,2850675,1.7,167639400,1.7
950250,35517731,0,0.0,35517731,0.0
