티커,종가,시가총액,거래량,거래대금,상장주식수
005930,329000,1923425662032000,33725012,11191087320641,5846278608
000660,2070000,1475293895550000,5778751,12216749328700,712702365
005935,211000,169300323833000,5962640,1251818530500,802371203
402340,1258000,166003649588000,883256,1111167690500,131958386
005380,700000,143330436200000,1525982,1034123475500,204757766
009150,1757000,131236823872000,1612482,2807073718000,74693696
373220,414000,96876000000000,445122,183966503750,234000000
032830,412500,82500000000000,509906,207518563769,200000000
028260,460500,74678171050500,837033,382790206382,162167581
329180,664000,69694253400000,384815,254860522500,104961225
105560,171600,63981138078000,2955491,503487064800,372850455
012330,697000,63240610351000,935096,648061702000,90732583
000270,161100,62895533977800,1077583,171264223725,390412998
207940,1340000,62029874340000,47701,64347677500,46290951
034020,95600,61237645557600,3954422,374903489900,640561146
012450,1049000,54090007649000,185271,193149433000,51563401
055550,107500,51025343807500,3611830,383557051250,474654361
066570,303000,49354045314000,6066192,1871369405750,162884638
006400,568000,45772581040000,542951,309391668500,80585530
034730,625000,45314189375000,281675,173353768500,72502703
035420,255500,40081249768000,3143220,798990802250,156873776
068270,171400,37987958589600,603099,103498414550,221633364
267260,956000,34461061060000,127356,121918260500,36047135
042660,112200,34379582806800,998501,111710194700,306413394
010120,227000,34050000000000,675315,152085729750,150000000
086790,123600,33911853652800,1115521,137464060050,274367748
006800,56400,31559572032000,3519583,200504330800,559566880
298040,3380000,31516972240000,35963,121333002500,9324548
000810,695000,31029993735000,343227,238781792698,44647473
005490,390000,30904195530000,432637,167212768250,79241527
000150,1740000,28177272900000,132916,225359207000,16193835
011070,1160000,27453844120000,889526,1037783022500,23667107
042700,283000,26973352600000,967822,277477549250,95312200
009540,379000,26823010964000,274635,103115998750,70773116
010130,1265000,26404305785000,15191,19065999000,20872969
051910,349000,24636727707000,280325,96602047250,70592343
015760,38100,24458831333700,2208549,84811193125,641964077
010140,27750,24420000000000,5511503,153354990025,880000000
307950,836000,22926448952000,280045,228376320000,27423982
316140,31200,22903181184000,2400787,75212962750,734076320
017670,106400,22853661639200,2027663,217881970900,214790053
267250,271500,21446622577500,143210,38766085750,78993085
064350,191400,20889834880200,408005,77632397650,109142293
018260,252500,19537894500000,611726,153659296000,77377800
096770,114900,19424165341200,399657,45843699900,169052788
003550,122900,18953832796500,932545,113051011200,154221585
033780,179300,18613214760800,229262,41213640000,103810456
003670,209000,18589759980000,204019,42646985000,88946220
011200,19450,18345978516500,1254965,24405259010,943237970
138040,107300,17956362392900,279894,30052639200,167347273
272210,94600,17871774199400,563301,52741693000,188919389
035720,40250,17781023459500,1968515,79174958150,441764558
024110,20650,16466844194850,1107061,22843695625,797425869
079550,726000,15972000000000,122624,89080443000,22000000
086280,209500,15712500000000,262448,54042922250,75000000
000720,131900,14687825403500,528781,68873044300,111355765
278470,389000,14563442295000,270942,105966159500,37438155
071050,246500,13736457028000,417721,105103572250,55725992
030200,54000,13609170990000,696310,37602180251,252021685
047810,139000,13549039873000,527515,72692091150,97475107
006260,410500,12807600000000,172353,69970948250,31200000
010950,112800,12699338937600,206462,23116273350,112582792
259960,257500,11880275697500,138011,35390910000,46136993
064400,117500,11384098890000,2568262,302247210600,96885948
005940,31750,11313933715750,1730975,55097862075,356344369
0126Z0,444000,11048073756000,39162,17383198250,24883049
016360,123400,11019620000000,618179,76698802700,89300000
323410,23050,10997626072850,1157924,26432540125,477120437
047050,58500,10291483098000,405535,23434302350,175922788
443060,222000,9953028120000,164446,36419609750,44833460
039490,364000,9547107024000,123458,45537640750,26228316
028050,48350,9476600000000,1101720,52655037950,196000000
005830,142400,9327249697600,172623,24656147650,65500349
003490,24900,9168694458900,1525004,37983274125,368220661
454910,140300,9094243194000,6183662,859274636900,64819980
005387,260000,9090621800000,228197,58590609500,34963930
352820,209500,9029921165500,154998,32421039750,43102249
047040,21750,8937241126500,5183067,112474827675,410907638
007660,120900,8875174577100,1220122,147686026250,73409219
000880,125300,8834642250700,261277,32009765300,70507919
003230,1120000,8436976800000,64958,74508374500,7533015
161390,67900,8411117185100,416690,28158977100,123875069
001440,39950,7829904210200,10168977,399919788725,195992596
180640,115000,7677662085000,112602,13037189900,66762279
034220,15210,7605000000000,9351390,141702341420,500000000
000990,173800,7561097394400,538155,92641106250,43504588
353200,152400,7531139370000,916464,138905817750,49416925
267270,147700,7078064186900,195528,28889530300,47921897
326030,88100,6899397325000,279400,24869616400,78313250
078930,74100,6883556179500,193277,14170180750,92895495
062040,221000,6766102850000,250528,54707092500,30615850
021240,94200,6666291529200,389470,37038716900,70767426
009830,38400,6600673382400,997824,38268402125,171892536
032640,15320,6502232854240,1117507,17020500790,424427732
128940,494000,6328629554000,546086,284809829750,12810991
241560,65800,6307329077000,249270,16134812850,95856065
090430,107500,6287971592500,288149,30956795050,58492759
000100,77500,6172689077500,380240,29738793950,79647601
004170,650000,6139367650000,156359,101638070000,9445181
377300,45250,6120346443750,243125,11046183850,135256275
036570,281500,6064642193000,139003,38793075500,21544022
005385,259000,6045308640000,180200,46183850590,23340960
066970,139900,5675455225700,405849,57031246950,40567943
010060,298500,5573064252000,211984,62508158500,18670232
336260,83600,5475275493600,563014,47864182500,65493726
011790,142300,5388658805400,692465,99864373900,37868298
001040,183800,5362732232400,219517,39389188750,29176998
138930,17240,5350038048920,1173612,20408487530,310327033
029780,46000,5329508986000,112046,5144740800,115858891
088980,10980,5258563483140,2025338,22364699780,478921993
271560,132600,5242491103200,123262,16322083200,39536132
000500,306500,5070464747500,63989,19660986000,16543115
023530,173000,4893954615000,264373,45342986050,28288755
052690,127300,4865406000000,102722,12863168950,38220000
175330,25750,4847529788000,542090,14177277475,188253584
018880,4695,4818302681640,11636809,53380270999,1026262552
004020,35900,4790703681500,673798,24239279650,133445785
082740,56300,4698074094600,486822,27290770000,83447142
002380,542000,4657349632000,32420,17599568000,8592896
022100,29200,4439414086800,777758,22939303725,152034729
088350,4785,4155916050000,9104392,45035389638,868530000
450080,55100,3895878945700,494674,27378724500,70705607
103590,81200,3872053668000,280050,22577415800,47685390
051900,248000,3792232976000,57327,14120023250,15291262
489790,71500,3609919885000,732037,53376927750,50488390
111770,79800,3536055146400,61541,4905327650,44311468
012510,120000,3494865960000,6229,747516500,29123883
251270,42000,3441251982000,188814,7890562225,81934571
011170,77500,3315094972500,125770,9770119900,42775419
005850,69700,3237461844000,152377,10447960000,46448520
035250,15060,3221943930000,642671,9627781585,213940500
001720,194600,3199224000000,105162,21661327500,16440000
011780,127100,3197496007500,70520,9012046250,25157325
036460,34600,3194029800000,205677,6999710050,92313000
069960,146500,3159259608000,397812,58139084850,21564912
302440,39950,3134339292350,144750,5846742200,78456553
001450,35800,3051887350000,777177,27796280625,85248250
017800,77500,3029659837500,134961,10351554000,39092385
009420,57900,3024732940200,669897,39219885000,52240638
097950,200000,3010837200000,58206,11629557500,15054186
004800,179000,2996532853000,54238,9680768200,16740407
031210,42900,2995346554200,64721,2773003825,69821598
014680,256500,2916455017500,70213,18192225000,11370195
020150,55300,2895810103900,443148,24400733200,52365463
139130,17700,2843055119100,458004,8140926360,160624583
383220,73700,2823231427500,122773,9000442000,38307075
007810,117700,2822754374000,428798,49740423400,23982620
012750,73600,2796739500800,116736,8490462950,37999178
375500,71900,2782071493700,447468,31525181050,38693623
028670,5120,2736995901440,2231561,11335601236,534569512
204320,55200,2592033024000,356244,19409575650,46957120
457190,85500,2583713556000,156914,13371186050,30218872
004990,25300,2521493532800,216335,5438236150,99663776
085620,18590,2512996200000,7281347,158626883170,135180000
009970,186000,2510858082000,15850,2896239750,13499237
139480,89200,2461547054800,198590,17916801850,27595819
000155,610000,2437841820000,14929,9100108500,3996462
483650,193900,2417771093500,170614,33561709250,12469165
007340,41250,2413573181250,172858,7035512075,58510865
006360,27700,2370607273000,726693,19847159150,85581490
026960,23650,2357905000000,66868,1589639075,99700000
000240,24800,2354393952000,130782,3231064925,94935240
003690,13050,2306209454550,1020788,13520452135,176721031
439260,60000,2285323800000,67950,4106434500,38088730
004370,373500,2271866787000,27074,10178500250,6082642
279570,5570,2259721991070,2606875,14776939935,405695151
282330,129400,2236537436400,56547,7446438450,17283906
071970,65800,2232034371000,166767,10941529900,33921495
051600,48650,2189250000000,115444,5610642350,45000000
001740,10900,2186473390100,9244652,104035831840,200593889
011210,80000,2175606640000,174824,13761746050,27195083
008770,55300,2170421091300,421053,23399591900,39248121
008930,31650,2164592557500,106451,3403683550,68391550
030000,18290,2104104005250,675813,12366895390,115041225
081660,39550,2099782272000,141650,5578078750,53091840
018670,221500,2050479546000,11987,2682803500,9257244
00680K,14940,2039310000000,612758,9112309925,136500000
103140,72300,2026155299400,102318,7356367800,28024278
007070,24000,2006577960000,197440,4674522500,83607415
120110,65900,1973443508800,188057,12234086650,29946032
161890,83500,1971023929500,165121,13787595450,23605077
005440,12640,1970630364640,193175,2429761890,155904301
097230,21750,1963923732000,620247,13535358050,90295344
192820,165900,1882883543100,58948,9838912450,11349509
000120,81900,1868330973600,73850,6015416750,22812344
112610,43850,1849216021550,347722,15244465175,42171403
229640,60200,1843617715800,116788,7026550450,30624879
322000,160500,1797600000000,170510,27774897100,11200000
462870,30550,1791890087000,81598,2480659100,58654340
001430,48950,1755450725050,241528,11811112475,35862119
009155,597000,1735469448000,121054,71326707500,2906984
023590,39100,1692533899200,46517,1811609400,43287312
002790,22000,1682079960000,116276,2558631975,76458180
017960,32250,1666566673500,495464,16089770975,51676486
066575,96900,1664867873100,492277,47765790800,17181299
001800,25950,1625648700900,120321,3085067150,62645422
181710,49050,1606541467950,388359,18679048825,32753139
001120,39550,1532958000000,152267,6024308425,38760000
005070,46000,1527870266000,170703,7975506175,33214571
006040,34250,1511823050750,86541,2947979500,44140819
192080,71100,1505433574800,142046,10048236050,21173468
395400,4995,1503583011900,231677,1162165830,301017620
006280,126900,1483021672200,39415,5067284650,11686538
003540,30000,1476592890000,122445,3681935575,49219763
298020,340500,1473575721000,31630,10737240750,4327682
032350,18330,1459095018420,440180,8076442785,79601474
361610,17800,1455810380000,182186,3276412260,81787100
034230,15500,1435755421000,1884916,28872443890,92629382
003570,42800,1423215431600,52187,2240521950,33252697
020560,6840,1408976463240,87241,598553040,205990711
069620,121100,1403134232500,29709,3628798300,11586575
077970,33600,1348974916800,309313,10429423025,40148063
073240,4650,1335760334550,896020,4120448193,287260287
007310,328500,1316572155000,3504,1147656500,4007830
030610,11410,1300317385010,76020,870109330,113962961
281820,65300,1292852563300,147766,9718286700,19798661
294870,19510,1285852008300,259050,5031505295,65907330
003530,5970,1280850216750,2237580,13418038875,214547775
195870,74800,1271600000000,173963,13136113200,17000000
093370,11630,1247379487900,3194630,36697439775,107255330
004000,48050,1239690000000,49720,2394591850,25800000
000815,410000,1232878200000,45024,18512824000,3007020
012630,20350,1215744022350,116235,2349428550,59741721
082640,7760,1211045628560,311418,2395789715,156062581
051915,156800,1205603840000,32119,5019308150,7688800
475150,35350,1204268591400,306239,10806305575,34067004
415640,9680,1186240904640,90527,875493815,122545548
001820,111800,1162161000000,1551693,173709224700,10395000
000080,16110,1129852473210,145309,2340913995,70133611
089860,30050,1091097109400,62640,1873089300,36309388
006110,71900,1087376414500,173606,12820065750,15123455
300720,14320,1053167392880,112369,1609140485,73545209
000210,50100,1049889788400,60859,3028810450,20955884
003090,17850,1037834343000,61674,1107491470,58141980
185750,74400,1026926832000,27982,2091574250,13802780
456040,113500,1016108182500,31989,3664108600,8952495
005300,108000,1002119472000,33072,3529431400,9278884
280360,108600,999616736400,13537,1458200250,9204574
330590,3455,998387494220,220367,762832342,288968884
071055,168800,988872768800,10524,1796049300,5858251
003470,5120,986522122240,927663,4763845700,192680102
009450,67700,986293678400,39390,2648809400,14568592
100090,15780,985904875620,350100,5532177495,62478129
499790,48950,970719666950,346033,16561826000,19830841
003240,870000,968658000000,2517,2204868000,1113400
090460,28700,967521140600,478019,13491994550,33711538
057050,76300,915600000000,9496,720518900,12000000
000670,49050,903044001150,23754,1171523200,18410683
298050,198500,889269678000,18500,3656819600,4479948
365550,3575,879768175000,398982,1435971707,246089000
192400,24500,871273532500,23454,578573425,35562185
137310,7170,865771061340,112381,805697695,120749102
00088K,43750,848944293750,75911,3280359475,19404441
248070,17750,848738189000,262384,4627953290,47816236
108320,51900,844117170000,191628,10059563500,16264300
030190,14100,830652530700,89466,1260375505,58911527
006340,10510,824135512160,2346621,24541640600,78414416
075580,14330,814652704480,182512,2587011555,56849456
036530,49350,804596774100,28767,1394957650,16303886
005690,13330,799853506620,590720,8029416605,60004014
214320,19980,799200000000,175710,3497730740,40000000
006650,122100,793650000000,35582,4331179500,6500000
006120,45450,791454982950,18366,839014825,17413751
071320,68300,790828215200,9005,612733800,11578744
010780,26150,789389422400,73074,1897410475,30186976
079900,54000,787997430000,44845,2415173050,14592545
451800,4355,782158000000,79664,344824936,179600000
033240,36150,781038897300,131458,4695676050,21605502
336370,11010,773092957440,484166,5332104165,70217344
064960,28650,760378792800,74033,2096864550,26540272
025540,75000,758625000000,32650,2421033600,10115000
003160,26750,757025000000,302395,7967632125,28300000
079160,4490,743464908650,348564,1559428871,165582385
004490,53500,741510000000,50685,2711952200,13860000
001510,3205,741300747425,44478948,155727256907,231295085
114090,11860,733608246200,469158,5444394095,61855670
009240,30750,723668286000,39392,1202184750,23533928
285130,41450,717033850700,54452,2220240250,17298766
003850,8350,716323178450,112480,947571750,85787207
100840,33900,701078543700,106918,3633451750,20680783
000370,6000,700433490000,770885,4709022885,116738915
00104K,165000,697374480000,8878,1421105200,4226512
005090,46850,675077251050,56595,2669798250,14409333
002350,6830,667071599910,227370,1533118560,97667877
002020,51000,658291680000,120851,6332444550,12907680
005880,2030,655177100200,2694467,5412816606,322747340
002960,502000,652600000000,4896,2457268000,1300000
069260,15950,652013478600,93463,1489876030,40878588
293940,5390,651867262970,202683,1086011165,120940123
317450,44100,643860000000,15938,703789100,14600000
005180,69200,641416945200,33704,2333246950,9269031
001270,61800,640858954800,18456,1154387050,10369886
001680,18480,640295502000,82112,1512709835,34648025
178920,21800,640185819600,189822,4140477850,29366322
001570,9900,633275240400,0,0,63967196
007700,16030,627003303010,14840,239401475,39114367
093050,21400,625736000000,39098,838420500,29240000
249420,19700,623273564400,141492,2805181320,31638252
006380,3660,618539985360,0,0,168999996
003620,3050,617243481600,1090321,3330342537,202374912
008060,19710,616668701580,140629,2739412475,31287098
058650,143500,608760866000,6680,973044300,4242236
383800,7970,607957099300,164485,1319711525,76280690
001060,26000,605434180000,55046,1431487100,23285930
003030,143500,594327779500,24737,3498929250,4141657
014820,20400,591422152800,33509,675315660,28991282
000400,1903,590570016960,537311,1021920366,310336320
001500,9540,589887239760,336716,3201198740,61833044
484870,64400,589511160000,26991,1754865850,9153900
017940,85000,583100000000,10441,878840300,6860000
005389,247500,576044370000,23621,5768623000,2327452
000640,85300,574284553100,15325,1305253350,6732527
002840,119700,568575000000,3709,443514500,4750000
039130,35500,549892586000,53658,1898502050,15489932
453340,16710,542600218770,41028,689170960,32471587
005810,37150,535602397800,43124,1606144450,14417292
016380,5340,534047509980,401351,2143958820,100008897
161000,10900,530270928100,175000,1899843930,48648709
003300,16800,517968259200,12882,214741565,30831444
003545,20350,512650423450,84259,1719654225,25191667
017900,8720,505269613360,915703,8028467765,57943763
452260,2600,504034986000,2277936,6019847774,193859610
004710,12320,500555649440,1820711,22645854765,40629517
002240,18490,499230000000,34368,638903615,27000000
271940,13730,498580098700,42667,565842385,36313190
005250,10440,490974512400,202535,2149993110,47028210
284740,21800,489133794000,13317,288869800,22437330
031430,13960,488404560000,84883,1196449130,34986000
460860,9840,488142887280,214187,2089558010,49608017
009410,1632,485667007296,246507,401996037,297590078
001530,23300,482673969300,62427,1454024800,20715621
268280,96200,481000000000,1693,166402200,5000000
019170,9130,478581105860,90322,827795905,52418522
377740,4690,477845565120,42553,197820745,101886048
020000,22150,475715417100,134931,2965051400,21476994
094800,5100,473455088100,80370,408181900,92834331
005945,24850,468943554800,84999,2131970525,18870968
003280,1950,468828553050,5347493,10401625107,240424899
005420,12180,467812217040,162962,2004544760,38408228
016610,10850,460543320650,73160,793680995,42446389
034310,12490,459096890930,62535,776161450,36757157
014830,67500,456813000000,22825,1547740950,6767600
009900,8690,455965455770,156766,1359376140,52470133
001200,4680,453334836240,1251621,5889481474,96866418
448730,4960,451608000000,46614,228758982,91050000
403550,11770,446553117340,50770,606516810,37939942
145990,42700,440384272300,8445,361769475,10313449
004690,121000,438840017000,9103,1095973250,3626777
011930,21300,438456559500,417221,8838474050,20584815
000157,490500,438035139000,1163,564480500,893038
003000,4435,437577815885,377651,1687409402,98664671
008730,17500,434000000000,83645,1454068400,24800000
217590,17840,429840974000,191748,3467860185,24094225
130660,13130,428038000000,184065,2402582430,32600000
004700,63800,424215004400,1113,70518900,6649138
381970,8660,422788543680,80720,699933445,48820848
000070,54300,421541271300,12586,678899750,7763191
072710,88800,411835752000,9936,878370200,4637790
027410,4270,408710697570,152414,650090533,95716791
950210,6790,408052892450,58144,393518380,60096155
006220,10680,403688588760,6577089,76084739625,37798557
010820,8250,402368488500,698120,5698421635,48771938
029530,40800,396401743200,9024,364740075,9715729
006405,245000,396384520000,18014,4502700250,1617896
015360,14540,396215000000,28450,412767995,27250000
417310,9760,394304000000,78758,766735900,40400000
092200,10060,391219004140,1783699,16996896450,38888569
060980,43000,390390421000,36753,1571674625,9078847
145720,45100,388937484100,27298,1228065650,8623891
002810,21050,388729255400,11926,249851600,18466948
090435,36650,386944469500,28551,1051641450,10557830
306200,135200,383467760000,14250,1963523300,2836300
0120G0,51500,382947305000,17818,939784200,7435870
357120,3915,381067910910,121848,475983955,97335354
012030,1886,379414037638,1193605,2253251617,201173933
170900,38350,373061858650,11320,432487050,9727819
015860,7500,370106122500,277687,2060832280,49347483
105840,18260,368809454200,196291,3591023155,20197670
017810,9630,367100819460,89516,860740750,38120542
344820,22850,364926199200,33471,759011725,15970512
016590,9010,363083358200,19138,169992680,40297820
089590,4480,361271612800,177905,793032198,80640985
097520,20600,358470900000,59441,1224660825,17401500
002030,172300,354740199600,4182,707849900,2058852
105630,8850,354000000000,165525,1448922025,40000000
092790,13590,353367180000,152452,2047702370,26002000
005610,40800,352063567200,7928,325304350,8629009
183190,9570,349366515960,40361,383136895,36506428
02826K,231500,339747085000,21603,5057754500,1467590
029460,30800,339432478000,19044,583931700,11020535
092230,80200,338816609200,3555,286202700,4224646
126720,23600,337149600000,21093,498487350,14286000
002710,12850,336846006450,127255,1649977080,26213697
200880,12410,335422903170,88276,1094503265,27028437
091810,798,329549649030,1434187,1158893825,412969485
010690,9360,326855037600,223327,2077380100,34920410
025860,6570,326389998510,385291,2509337475,49678843
011760,24650,326094011900,24516,598341750,13228966
058430,5430,325800000000,329893,1760593260,60000000
286940,21300,322255517100,52035,1099184700,15129367
005950,12240,321840628560,734533,8824268520,26294169
016800,27900,320850000000,1331,36289775,11500000
192650,4650,320730025350,293692,1368751165,68974199
005720,6030,316840181310,22751,136169160,52543977
126560,2880,314498995200,51087,146770365,109201040
009290,6270,312244796160,145718,920327250,49799808
018250,11800,311637233000,33489,391851925,26409935
009160,4735,309531533480,132009,618661087,65370968
194370,10400,301774283200,128174,1348428610,29016758
104700,8260,301077000000,32903,269422120,36450000
084690,8310,300926190780,166477,1402988895,36212538
001940,21200,300539256000,6676,139906250,14176380
000650,210000,300136200000,92004,21867341000,1429220
000430,4765,295430000000,337783,1553640502,62000000
034830,1169,295159909870,638339,739868935,252489230
001390,4390,295153001700,221864,973437440,67233030
272450,5620,293364000000,161921,920555075,52200000
003720,8580,291720000000,643292,5445207130,34000000
024720,8460,290146351140,37479,317058530,34296259
108670,32250,289207357500,38866,1250435550,8967670
078520,11110,289017328710,56198,634132940,26014161
002310,7300,287981423000,129209,939381150,39449510
033270,18000,286393950000,25224,453517655,15910775
007690,30800,285233625600,12970,393959200,9260832
001750,22400,285119161600,29317,658037800,12728534
026890,7300,283027110100,93394,673385560,38770837
001230,1819,282868533585,976661,1714098446,155507715
084010,8170,280815939320,36993,301898755,34371596
900140,1448,279812145536,509384,727713177,193240432
017390,55300,273735000000,5161,285433800,4950000
096760,3690,272783035980,92563,342760190,73924942
003920,45350,272100000000,23400,1047416125,6000000
037710,35550,271145964600,16622,587529525,7627172
017860,15250,270826869750,89198,1361758720,17759139
005500,20300,270396000000,740418,15464449925,13320000
002900,6420,265788000000,178895,1145900615,41400000
005680,13100,262000000000,75257,987019120,20000000
123890,2135,261268332010,854682,1838396964,122373926
001340,5790,260395105920,469833,2734490270,44973248
005010,4625,259869846875,494821,2268707513,56188075
004360,13540,258825264620,54435,730736060,19115603
011500,16330,255352895860,126338,2070079020,15637042
002320,16360,253884557760,26065,425936130,15518616
003120,19080,253764000000,9419,176198640,13300000
003220,11240,252086032920,69588,782169120,22427583
0030R0,4210,251673800000,74431,308818694,59780000
088260,3905,247348908950,46120,178836894,63341590
010580,2200,244753872000,322702,690600285,111251760
003960,26600,243774822200,4281,112883225,9164467
001250,2945,243061934980,722105,2125722442,82533764
475560,16370,242733868900,20202,325152255,14827970
122900,7230,241690513200,97856,710158595,33428840
004430,10020,240480000000,118530,1185536800,24000000
000680,3035,239167153560,260058,791440094,78803016
034120,12840,238197895920,19479,250068230,18551238
005430,75200,238109896000,13148,995265700,3166355
003200,10290,236258400000,23129,235419100,22960000
128820,5220,236129195160,728985,4007085565,45235478
037270,3675,233961929250,400616,1481089390,63663110
348950,1182,233298432000,0,0,197376000
003520,1267,231725090177,347566,439295629,182892731
136490,9730,231375546920,77622,754407000,23779604
000540,3585,230309882325,266243,952292280,64242645
001460,36750,229546012500,2863,102473250,6246150
000490,7950,229173576750,229254,1813620215,28826865
134380,10400,228723872000,3754,38303450,21992680
003070,8960,227798672640,22076,196456630,25423959
006805,16180,227745635000,151633,2450887800,14075750
334890,3275,227444436825,417448,1370050145,69448683
000320,17060,226747036060,6248,105113095,13291151
035510,16060,224533254000,133299,2130405430,13980900
000050,8150,223434450500,49100,401187975,27415270
030210,3665,223239203490,114477,421517140,60911106
044450,9650,222778742000,103179,979566405,23085880
432320,1473,222075791805,869169,1264357862,150764285
007160,44300,221500000000,5780,255752000,5000000
003555,73400,221022006600,26234,1924994100,3011199
210980,11800,219685107600,13486,159785930,18617382
000480,4685,219681945650,65030,301679576,46890490
010955,54000,217184058000,13623,734078500,4021927
009680,9970,216678947180,41586,414564110,21733094
009470,32600,215610532000,90984,2966905525,6613820
001790,2500,215604787500,312132,775917350,86241915
025000,49200,215432482800,4604,225371450,4378709
092220,5350,214816559800,6810950,39635190400,40152628
226320,9770,214249407550,19209,187934485,21929315
244920,9430,213190544990,85436,825143100,22607693
033920,7440,212040000000,49954,371110790,28500000
008490,18300,211714767900,24492,449908865,11569113
053210,4450,211477149750,46187,201365696,47522955
003650,121300,211022213600,2299,282030500,1739672
051905,100600,210883655400,7628,767928250,2096259
001630,42050,210664655050,4302,181576800,5009861
03473K,370000,209469950000,3979,1474288500,566135
377190,2350,207740000000,144496,336925008,88400000
241590,3405,206306484780,62548,210936770,60589276
004980,8410,206180173930,68149,574572590,24516073
404990,3365,206047645160,73762,248345964,61232584
035150,10270,205696197070,23016,236133850,20028841
004380,9920,205344000000,103763,1019733120,20700000
053690,18590,203700854500,119099,2208846810,10957550
339770,4045,202108748600,104275,416375350,49965080
039570,7700,199873527700,22562,172563160,25957601
004560,13220,199341881420,84919,1125017065,15078811
001780,2045,198017619940,600813,1235613394,96830132
013890,9010,197551575130,21369,192941290,21925813
117580,7160,196900000000,108771,783532955,27500000
037560,2525,195553334125,4526548,11359454599,77446865
102260,3855,195331273305,104529,400234785,50669591
487570,52300,194865982100,11620,606986200,3725927
001130,11480,194012000000,10767,123484080,16900000
095570,4275,193455544725,168187,709161525,45252759
298690,1652,192689280000,201283,331876266,116640000
003547,19510,191263026830,27399,533338130,9803333
007860,8140,191125930160,104850,854817235,23479844
001080,4600,190900000000,19400,89893450,41500000
033530,6840,190295373240,150592,1032082390,27820961
004310,5940,190080000000,298845,1766236215,32000000
000140,8190,190063405350,13989,113389470,23206765
016580,10130,188418709100,17517,177500550,18600070
028100,14050,188122503100,10031,139697805,13389502
003350,8210,186038600000,62072,508412150,22660000
003610,5130,185717070540,184146,943324110,36202158
100250,2900,185310000000,330052,970674996,63900000
012200,6740,183481867460,471214,3171148580,27222829
102460,9780,181779011580,57238,557023420,18586811
001045,80400,181721929200,5794,459829200,2260223
013580,20000,178618140000,79545,1588322865,8930907
000390,6560,178454756640,169729,1111965990,27203469
002150,5220,176018400000,56391,295373315,33720000
003460,3100,175777486500,61142,188950395,56702415
002100,9000,175703175000,25298,226126600,19522575
234080,11040,174813476160,67244,740597475,15834554
008350,1353,174644008770,1638695,2208129475,129079090
000300,4200,174035631000,0,0,41437055
031440,44750,173293480000,16247,734532050,3872480
084680,1221,173145361653,245221,299108409,141806193
016450,4295,171800000000,11244,47833650,40000000
012610,4060,168962441900,421314,1723183743,41616365
101530,5790,168586399380,26744,151902425,29116822
011690,4530,166270904820,274926,1245011077,36704394
044820,17300,166147833300,29375,516821805,9603921
015230,6100,165576082000,48465,290229355,27143620
016880,2070,165449055600,490929,1000338120,79927080
462520,13930,165142490240,9204,128532000,11855168
000860,12600,163800000000,15604,196367055,13000000
025820,4890,163531380000,312939,1526524862,33442000
097955,123100,163407002300,5127,632534300,1327433
293480,9130,162266996980,38474,349180370,17772946
400760,2945,161766714875,113171,332692858,54929275
011785,53400,161454152400,8805,471526350,3023486
017550,2530,157869798900,790105,1983877949,62399130
071840,6670,157463439040,22568,149277380,23607712
077500,7270,157032741540,288354,2103715875,21600102
460850,5250,156967944000,111755,584211560,29898656
007570,8210,156693301440,35406,290262880,19085664
025560,30500,155270254000,84710,2580188450,5090828
000520,7150,155096448650,101744,723238100,21691811
002170,51400,154200000000,1049,53962900,3000000
018470,1214,153730909294,889230,1073132079,126631721
000020,5470,152785140900,150052,819485595,27931470
213500,6400,152323686400,57670,368396855,23800576
004090,11990,152202498800,138265,1665460090,12694120
003830,113800,151126400000,90,10181700,1328000
000970,6600,150483300000,24746,163359750,22800500
004150,3655,149952296100,396904,1477595297,41026620
090350,7490,149800000000,66534,498035795,20000000
271980,10180,149695596960,27310,284728980,14704872
081000,10440,148279059000,59380,617328295,14202975
006060,2675,147981000000,62450,165873396,55320000
298000,38900,147501447900,0,0,3791811
004970,9080,145280000000,7540,68348320,16000000
003480,4910,144991376920,79513,390259285,29529812
005960,6280,144105043640,62637,396517960,22946663
094280,12170,140663294000,14061,170772445,11558200
002990,3770,140470101980,67310,254588109,37259974
000700,5390,140365366680,49238,262735960,26041812
008970,1350,140085324450,555374,745834193,103766907
001520,585,139630176855,406461,240490906,238684063
317400,3585,139035334200,84350,302688355,38782520
00279K,19350,137234070000,9227,178315400,7092200
015890,4660,136205975000,49942,234814265,29228750
009070,4535,136050000000,103173,468850720,30000000
210540,12240,135150505920,37447,459546730,11041708
214420,5580,134225778420,132542,738492600,24054799
272550,8890,133958129340,31689,282624200,15068406
002780,916,133252118420,1197640,1089682477,145471745
011280,1858,131557436520,167653,322806412,70805940
001360,1394,131261938126,764104,1075650431,94162079
024090,11490,130986000000,8569,94921490,11400000
016740,4540,130180068960,110497,496714613,28674024
004080,13760,129344000000,31999,435848660,9400000
107590,55700,129224000000,98,5461400,2320000
214390,5400,129097044000,56110,303912085,23906860
078000,13940,128806673380,2848,39423625,9240077
019180,7140,128520000000,338382,2430449305,18000000
089470,4025,128397500000,67056,269651447,31900000
002220,4805,128281295300,270241,1294581669,26697460
014710,7400,127417218200,41057,303387680,17218543
350520,3430,126451072860,60950,207588948,36866202
079430,6260,125914904520,94451,586153780,20114202
009270,1097,125903121121,611947,664980781,114770393
015590,2355,125748305340,158765,366851263,53396308
008040,889,125477549400,481807,434347675,141144600
004960,10810,125079288620,49510,527986065,11570702
014280,4250,124649767250,67324,285382132,29329357
007540,43100,123946980000,5447,233201950,2875800
027970,646,122837365120,306113,190435524,190150720
267290,20750,122329674500,6315,130355300,5895406
035000,7400,119936565600,26837,197764390,16207644
020120,3230,119715964180,113840,367136519,37063766
012800,1313,119667475187,711433,925089106,91140499
005800,13270,119430000000,8660,115635230,9000000
070960,2465,118648665845,41856,103695980,48133333
025620,6480,117961745040,16029,99744020,18203973
002620,7380,117883359900,11744,85394110,15973355
014530,3365,117335598300,90369,301711351,34869420
084670,40500,117270544500,858300,39273656075,2895569
013520,2340,117119929680,229707,529378955,50051252
016710,7260,116809472340,26032,185199220,16089459
010100,3835,116777360700,208874,790746467,30450420
33626K,8730,116669466000,34031,297491570,13364200
012320,49000,115886127000,6797,334531050,2365023
002450,1275,115426916625,220846,281164444,90530915
021820,11390,113900000000,7532,86777600,10000000
034590,25950,113524866300,1802,46178950,4374754
009580,1820,113510349680,209663,379993962,62368324
120030,89900,113062824900,1171,104680600,1257651
002390,8130,111897523290,21113,169777965,13763533
004250,3035,111445200000,38475,115209906,36720000
014580,3985,109918653500,191920,770697769,27583100
083420,4575,109800000000,30379,138696442,24000000
227840,12050,109665073800,24154,288926340,9100836
011810,3530,109493282310,0,0,31017927
267850,9740,108114000000,26151,251226100,11100000
007610,5990,107820000000,605413,3701100735,18000000
007210,1645,107517200000,101936,168392582,65360000
123690,6670,107173560000,56520,380703025,16068000
006660,13130,106698502820,370575,4894833190,8126314
001290,979,106062040480,1631408,1689660403,108337120
002460,10380,105357000000,12105,125747030,10150000
248170,22800,104156920800,15690,358038625,4568286
264900,8200,102695570000,23485,189749990,12523850
119650,918,100782913662,0,0,109785309
013570,3820,100540998060,67551,257175347,26319633
014790,2630,99568120630,87343,229177620,37858601
067830,2425,99524170375,196070,477491440,41040895
023450,28400,99400000000,1852,52222650,3500000
019680,1172,99271740200,75020,85349637,84702850
058850,2395,99163657750,102614,245238009,41404450
011000,1085,98607954095,14431279,18105887615,90882907
008700,1260,97177273200,1087578,1378393283,77124820
009190,2205,96989736375,582796,1286751587,43986275
109070,1815,95850567450,1250327,2202231520,52810230
001275,31650,94950000000,1960,62041050,3000000
036580,2570,94390813510,243523,624638287,36727943
139990,2430,94175656020,77732,187636908,38755414
004140,1960,94024661360,301754,588121351,47971766
002210,973,94010780311,0,0,96619507
078935,52700,93788925200,20645,1090762250,1779676
011700,2860,92795991860,285601,812144439,32446151
032560,5450,92650000000,28493,155575000,17000000
036420,4795,92362766860,49894,239139715,19262308
37550L,43500,91869868500,2674,113605700,2111951
055490,19140,91291101000,39449,762962150,4769650
023800,5770,91219066690,70317,405752870,15809197
363280,2000,90994666000,38772,77013663,45497333
004890,37400,90703041000,441,16561800,2425215
058860,2585,89963170000,51404,132744009,34802000
014160,827,89642292023,634390,525350509,108394549
002200,2670,89444842470,374905,993063005,33499941
014440,4425,88500000000,15168,67052190,20000000
004100,2410,88447000000,818913,2014391660,36700000
063160,15960,87555953520,5882,94188355,5485962
006840,6600,87433902600,14243,94217000,13247561
023000,2195,87229203420,8109,17796259,39739956
008260,3035,86801355095,59095,178223072,28600117
163560,6230,86597000000,22477,139881890,13900000
005740,5740,85223771780,39111,225145690,14847347
007110,1098,85047357780,618971,673844542,77456610
095720,1477,83933604545,32755,47110186,56827085
000230,7260,83783304000,19084,137266260,11540400
002600,139000,83400000000,62,8568300,600000
002700,1190,83356549990,362916,429644948,70047521
004840,4315,83160250660,42237,183424283,19272364
007980,1737,81460696950,259396,448968790,46897350
000590,70300,81160084600,1512,106891200,1154482
096775,64500,80523477000,4268,271428950,1248426
005870,5700,80461285500,118448,681344580,14116015
001020,2260,80448456120,75888,180141225,35596662
017370,4370,80032415980,35685,154353805,18314054
111380,13050,79970400000,7656,97649080,6128000
007590,5870,79935176990,4174,24534070,13617577
001470,347,79699592928,0,0,229681824
006890,6820,79112000000,39403,269525175,11600000
000105,66900,79004886000,3535,237813850,1180940
003580,1544,78224451720,143565,223228188,50663505
009180,2720,76583844000,58255,159118804,28155825
101140,7590,76235599440,21669,147820180,10044216
001260,7650,75219175800,19187,145577605,9832572
006090,7970,75099229830,3746,29769645,9422739
010960,3100,74772000000,44897,136658325,24120000
031820,6150,74446647900,27481,166046995,12105146
011150,2070,74376700110,101378,209987333,35930773
000180,5320,74215702400,11952,62376470,13950320
013870,3885,74095807800,34386,133005105,19072280
069730,5110,73584000000,34853,174830555,14400000
001560,9650,73340000000,3175,30148870,7600000
005750,4415,73254739600,28463,125571230,16592240
000850,32800,72160000000,10678,345423400,2200000
002720,3400,71943428800,113636,392343260,21159832
007460,3205,71864439410,182321,599579636,22422602
085310,9650,71584414100,28377,272856535,7418074
35320K,34100,71457197900,40298,1349754025,2095519
013700,1180,70505979400,102527,119232660,59750830
079980,2040,70380000000,221258,447408712,34500000
004720,3090,70001987850,22907,71806942,22654365
007280,2285,69479206675,54156,120018755,30406655
016090,1554,68814709740,83065,129357470,44282310
013360,1268,68503547840,166960,209182001,54024880
007815,22900,67891401000,800,18331600,2964690
338100,3630,67735800000,59646,218237267,18660000
120115,24250,67120605000,8519,206206475,2767860
068290,6680,66800000000,67861,459289700,10000000
002795,10390,66300377080,7369,76193470,6381172
010660,3005,66110000000,716243,2170926341,22000000
100220,5060,65763509460,70430,355597126,12996741
009770,26250,65624238750,1041,27418125,2499971
018500,1398,65363396334,88454,123598545,46754933
003925,32600,65200000000,3645,119415050,2000000
155660,4075,65200000000,24627,99222535,16000000
000220,3820,65063580820,264843,1006318802,17032351
010040,1577,64762756774,71604,109549256,41067062
024900,1982,64543790360,134861,262937364,32564980
071090,3135,63300261585,220632,695260488,20191471
004540,1698,63234696714,23217,39600367,37240693
003010,4960,63055225120,92470,456123782,12712747
006880,5300,62692947400,18503,97896245,11828858
012690,1705,62353989775,69756,118648982,36571255
003780,4785,62205000000,1105604,5632586100,13000000
009200,1483,61706606730,59665,87988110,41609310
010770,4180,61134447880,84255,362268633,14625466
378850,3195,60684625485,65518,204208196,18993623
111110,6650,60288900000,7972,53376380,9066000
092780,4570,60179862200,44581,201465654,13168460
004440,4705,59903810635,38225,179564620,12731947
072130,4680,59414724720,51110,237126440,12695454
004770,1662,59013361956,357423,582139925,35507438
004060,2890,58500813440,150694,443903692,20242496
396690,1476,58458367440,179573,265882416,39605940
002630,483,57275591415,0,0,118583005
129260,1921,57145665954,26234,50445822,29747874
092440,1944,56764800000,131878,259129156,29200000
014910,2595,56719581915,924911,2399590158,21857257
000725,53500,56426075500,6878,370396900,1054693
004830,3570,55977600000,177174,634132306,15680000
005305,72200,55977382000,1869,133037400,775310
021050,1178,55925067020,448816,526662486,47474590
006980,18010,55650900000,5336,97805755,3090000
001550,10590,54985811010,28753,303926540,5192239
372910,1977,54712300662,43535,85486046,27674406
002760,913,54688700000,48051,43800946,59900000
004450,25350,54613507650,334,8504000,2154379
009835,21150,54468631350,5167,109971400,2575349
075180,2820,54144000000,14549,40514675,19200000
001620,2420,53865826520,82309,197436470,22258606
001465,25000,53846250000,798,19546300,2153850
480370,1646,53464397568,71106,117056363,32481408
214330,2555,53434909745,51416,133238061,20913859
002410,1935,53173451700,0,0,27479820
023810,5230,52300000000,23190,120356560,10000000
006370,4800,51943732800,25518,120688130,10821611
003475,4030,51629821100,34666,139696047,12811370
011390,48500,51216000000,5126,247545825,1056000
020760,902,50984432422,0,0,56523761
004920,970,50614475840,239761,233460134,52179872
025530,3350,50028926800,42894,143604302,14934008
123700,3190,49779624620,36942,118678740,15604898
002140,1990,49629455750,68685,136500212,24939425
058730,2480,49471588080,81073,199479215,19948221
000910,3165,49410774135,45150,143632017,15611619
003465,2820,49283518500,7649,22130530,17476425
041650,2295,49276977750,57886,134045845,21471450
023350,4480,49056000000,21283,94222680,10950000
047400,1164,48888000000,252738,296945122,42000000
011230,2550,48872751750,1258208,3170537424,19165785
37550K,22750,48090883750,6357,143452100,2113885
090080,865,47490454035,189524,162043243,54902259
357250,1877,46915812085,31800,59430448,24995105
006125,37900,46681619500,877,33012525,1231705
069460,2660,46322277400,0,0,17414390
009320,938,46243184260,321287,297912693,49299770
017180,1360,46176697440,86324,116183912,33953454
006490,312,46140468192,309666,97268128,147886116
28513K,21650,45799037850,7354,157860150,2115429
005030,486,45092532168,0,0,92782988
074610,5110,44815400070,0,0,8770137
000950,26400,44352000000,408,10758000,1680000
003080,2215,44344300000,251446,564147982,20020000
002920,1709,44344277500,60458,103969510,25947500
004910,3450,44160000000,15406,51841895,12800000
093240,717,44016815703,563391,401192268,61390259
008870,43600,43600000000,1042,44682700,1000000
009140,27000,42411519000,6632,177169150,1570797
012280,855,42343451775,117341,99581811,49524505
019490,541,41349858070,0,0,76432270
008420,2005,41109527525,138652,272304512,20503505
011420,1469,40470427036,86302,125034067,27549644
017040,932,40390657180,0,0,43337615
004410,1021,40283568273,367386,376613938,39455013
481850,916,39825540224,36657,33630052,43477664
011330,438,39502272606,801854,334813681,90187837
051630,1853,39283600000,11547546,25976973320,21200000
011300,2455,38927415355,24446,60405612,15856381
026940,1941,38820000000,154389,300160545,20000000
003060,2685,38697224190,119049,324127630,14412374
005320,1125,38461325625,149684,167470937,34187845
133820,1034,38376395068,230452,233691162,37114502
000215,22150,37347447250,2112,47331300,1686115
049800,1854,37080000000,44365,83381081,20000000
084870,1810,37029443360,8064,14583288,20458256
000760,13200,36960000000,725,9325915,2800000
000890,1315,36325592875,70847,92560360,27624025
145270,751,36093641274,171705,128072883,48060774
007120,1249,36069381392,73569,94182326,28878608
014990,480,36054237600,0,0,75112995
023960,940,35753816500,115032,106907617,38035975
134790,17850,35700000000,1335,23888170,2000000
002880,761,35595010195,96668,73289071,46773995
013000,1233,35393303223,151966,190982062,28705031
002420,5890,35162993720,107530,640864650,5969948
001380,1546,34757281766,76229,115622233,22482071
004365,9400,34678950000,1876,17454890,3689250
005820,14690,33757179300,1094,15150680,2297970
010640,1991,33249700000,1167806,2445225878,16700000
001210,535,33105844405,225453,119107364,61880083
308170,3810,32804100000,26698,99439510,8610000
003535,6820,32736000000,21709,147191795,4800000
002870,935,32686384500,124398,116364335,34958700
088790,2600,32364134400,33031,85253752,12447744
027740,1010,32073170140,80858,82195625,31755614
004870,277,31346287838,21606820,7793212173,113163494
012160,399,31163303283,81498,31846574,78103517
008250,2840,31105483400,16392,46183315,10952635
071950,2460,30649619700,311642,773851379,12459195
33637K,1811,30621775226,8769,15734454,16908766
025750,1898,30582529042,33943,64391725,16113029
001070,5700,30210000000,10444,59714980,5300000
000040,345,29799438480,466204,154221758,86375184
023150,4030,29735459780,30675,122181400,7378526
090370,1179,29362628331,28970,34268455,24904689
006570,1903,28973175000,26569,50067117,15225000
024070,1885,28890335630,20691,38525692,15326438
015260,610,28741305340,2021576,1201371907,47116894
002025,24600,28546750200,2306,56965400,1160437
009810,1878,28524472500,23342,42697451,15188750
014130,2365,28380000000,70312,160693434,12000000
019175,14250,28375027500,4491,63812090,1991230
33626L,9440,28190672000,15558,146298405,2986300
002690,1383,28075397880,25938,36130504,20300360
003680,4465,27725484475,10960,49510547,6209515
010400,3625,27629750000,9544,34387370,7622000
006345,10390,27234268000,185015,1906118075,2621200
033250,4235,27104000000,72158,298190035,6400000
005110,1254,26467434378,0,0,21106407
030720,5680,26433612400,19322,109690970,4653805
024890,3195,26358206850,37074,117332471,8249830
006740,5550,26351205750,11690,62163695,4747965
143210,1199,26229020653,0,0,21875747
002355,3950,25675000000,14074,55031345,6500000
004270,7070,25601997120,2584,18031040,3621216
012170,1250,25312742500,482522,589623242,20250194
002820,2000,25215978000,43206,86383847,12607989
118000,1460,25079494560,80759,114671747,17177736
005360,1322,24982239854,31185,41477126,18897307
008775,33050,24849600950,3199,106081600,751879
006200,2620,24524842740,146018,385945035,9360627
446070,2270,24087458050,57824,131760515,10611215
003495,21600,23993150400,4426,96319200,1110794
009310,5330,23329484620,0,0,4377014
069640,1036,23209768036,21044,22064994,22403251
044380,1738,22413797208,69483,113998791,12896316
009460,1840,21957634480,11486,21084830,11933497
357430,708,21597757356,34595,24342488,30505307
002360,1935,21504376755,70106,134784571,11113373
025890,1876,20907299616,6464,12068323,11144616
465770,2880,20652572160,66196,185874765,7171032
001685,14740,20197087020,10454,154225010,1370223
015020,928,19883142400,0,0,21425800
00499K,24250,19535872750,5080,120763075,805603
005257,21450,18146485500,226,4855600,845990
008600,2620,17615839860,0,0,6723603
009440,756,17568790596,0,0,23239141
002070,7200,17311276800,7588,54822150,2404344
108675,16090,16610189700,3713,59198720,1032330
011090,1353,16233737784,22807,30236367,11998328
001420,2130,16188000000,10376,22023870,7600000
001770,13110,15927050580,619,8231185,1214878
019685,800,15541592000,57138,45871989,19426990
005725,4280,15410568000,1749,7498140,3600600
18064K,28550,15324669300,1424,40695000,536766
00806K,12490,15142338930,14018,170601670,1212357
45226K,5130,14899931100,13545,69813140,2904470
00781K,18930,14835422070,465,8806430,783699
000087,13010,14703095380,1653,21708125,1130138
001795,2170,14067589200,12229,26171640,6482760
001755,22850,11996250000,992,22428850,525000
008500,1994,11964000000,196402,378417839,6000000
012205,10100,11807697900,47222,476298450,1169079
38380K,8020,11751585700,8447,68556410,1465285
145995,31400,11620198000,1473,46260450,370070
084695,12520,11436794640,16842,210269090,913482
004255,2035,10744800000,8746,17963875,5280000
004105,3250,10725000000,81120,268160650,3300000
001515,5470,10700725790,46132,263211230,1956257
001067,46000,9658758000,89,4029300,209973
145210,224,9461013632,0,0,42236668
33637L,2475,9351282600,9635,23908365,3778296
003075,12240,9066620880,3790,46416240,740737
000225,3945,8943038850,31829,119382540,2266930
001065,22350,7642604850,310,6924850,341951
004835,5480,7628160000,5456,29811920,1392000
004985,10340,7606569300,1923,19799120,735645
000325,27400,6673516600,14,379950,243559
204210,830,6496256450,1555941,1423506220,7826815
26490K,7750,5995090000,651,5079550,773560
090355,10910,5052704660,1207,13056900,463126
009415,7740,5030798760,16754,129774060,649974
000545,6220,4776960000,3927,24402860,768000
000145,10090,4750472900,394,3946600,470810
014825,15050,3974870550,10,151780,264111
005745,6170,3706479420,187,1135620,600726
005965,16330,3686203560,309,5059710,225732
014285,6160,3633630000,4111,25425560,589875
36328K,3045,3577719705,4441,13393915,1174949
004545,9620,3522459200,165,1589980,366160
002995,11900,3477965400,5115,59208770,292266
007575,7800,3471624000,518,4022030,445080
000227,10490,3415124400,150,1573240,325560
008355,11000,3386790000,1658,17216770,307890
140910,680,3034861760,273265,184587488,4463032
001525,4550,2810676050,14921,67208090,617731
002785,3255,2790244590,8638,27184730,857218
014915,4450,2670000000,9054,40447840,600000
002787,7980,2352567840,3143,23364720,294808
001527,7180,2215525420,2381,17366490,308569
011155,9870,1974000000,2332,23131130,200000
004415,8170,1817416500,318,2558850,222450
