observation_date,BOPTIMP
1992-01-01,52277
1992-02-01,52513
1992-03-01,52935
1992-04-01,53411
1992-05-01,53963
1992-06-01,54551
1992-07-01,55313
1992-08-01,55395
1992-09-01,55515
1992-10-01,56556
1992-11-01,56214
1992-12-01,57446
1993-01-01,56439
1993-02-01,56076
1993-03-01,59813
1993-04-01,59584
1993-05-01,58598
1993-06-01,59275
1993-07-01,59200
1993-08-01,58805
1993-09-01,60679
1993-10-01,62069
1993-11-01,61361
1993-12-01,61271
1994-01-01,61365
1994-02-01,62974
1994-03-01,64772
1994-04-01,64323
1994-05-01,65070
1994-06-01,66831
1994-07-01,67230
1994-08-01,68710
1994-09-01,69026
1994-10-01,69019
1994-11-01,71147
1994-12-01,71281
1995-01-01,72442
1995-02-01,71894
1995-03-01,74057
1995-04-01,74682
1995-05-01,74845
1995-06-01,75478
1995-07-01,74247
1995-08-01,74173
1995-09-01,74867
1995-10-01,74219
1995-11-01,74523
1995-12-01,75342
1996-01-01,76764
1996-02-01,77217
1996-03-01,77553
1996-04-01,78870
1996-05-01,80288
1996-06-01,78516
1996-07-01,79536
1996-08-01,80919
1996-09-01,80748
1996-10-01,80404
1996-11-01,81531
1996-12-01,83317
1997-01-01,84179
1997-02-01,85001
1997-03-01,85433
1997-04-01,85855
1997-05-01,86277
1997-06-01,86043
1997-07-01,87132
1997-08-01,87365
1997-09-01,88556
1997-10-01,88472
1997-11-01,88086
1997-12-01,90327
1998-01-01,89784
1998-02-01,89495
1998-03-01,91692
1998-04-01,91566
1998-05-01,91349
1998-06-01,90208
1998-07-01,90098
1998-08-01,91540
1998-09-01,91999
1998-10-01,94166
1998-11-01,94290
1998-12-01,93127
1999-01-01,93196.0
1999-02-01,95541.0
1999-03-01,95264.0
1999-04-01,96284.0
1999-05-01,98408.0
1999-06-01,101551.0
1999-07-01,103046.0
1999-08-01,104069.0
1999-09-01,105199.0
1999-10-01,106055.0
1999-11-01,108478.0
1999-12-01,110943.0
2000-01-01,111863.0
2000-02-01,114963.0
2000-03-01,117326.0
2000-04-01,116553.0
2000-05-01,116714.0
2000-06-01,120668.0
2000-07-01,121036.0
2000-08-01,121642.0
2000-09-01,124774.0
2000-10-01,124104.0
2000-11-01,123203.0
2000-12-01,123021.0
2001-01-01,124500.0
2001-02-01,118903.0
2001-03-01,120531.0
2001-04-01,116869.0
2001-05-01,114058.0
2001-06-01,113552.0
2001-07-01,111545.0
2001-08-01,110380.0
2001-09-01,108523.0
2001-10-01,108499.0
2001-11-01,107277.0
2001-12-01,104047.0
2002-01-01,107935.0
2002-02-01,110730.0
2002-03-01,110424.0
2002-04-01,114998.0
2002-05-01,115422.0
2002-06-01,117231.0
2002-07-01,116640.0
2002-08-01,119096.0
2002-09-01,118502.0
2002-10-01,116754.0
2002-11-01,122315.0
2002-12-01,123995.0
2003-01-01,122633.0
2003-02-01,122053.0
2003-03-01,125857.0
2003-04-01,123540.0
2003-05-01,122657.0
2003-06-01,123865.0
2003-07-01,126130.0
2003-08-01,123587.0
2003-09-01,127659.0
2003-10-01,129126.0
2003-11-01,130058.0
2003-12-01,133863.0
2004-01-01,133989.0
2004-02-01,137446.0
2004-03-01,142277.0
2004-04-01,142460.0
2004-05-01,144561.0
2004-06-01,148729.0
2004-07-01,147277.0
2004-08-01,149664.0
2004-09-01,149213.0
2004-10-01,154288.0
2004-11-01,157797.0
2004-12-01,156412.0
2005-01-01,158075.0
2005-02-01,160779.0
2005-03-01,156878.0
2005-04-01,163254.0
2005-05-01,161825.0
2005-06-01,163892.0
2005-07-01,164089.0
2005-08-01,165955.0
2005-09-01,170724.0
2005-10-01,175780.0
2005-11-01,174029.0
2005-12-01,177067.0
2006-01-01,181582.0
2006-02-01,177971.0
2006-03-01,179970.0
2006-04-01,180937.0
2006-05-01,184689.0
2006-06-01,185221.0
2006-07-01,186025.0
2006-08-01,189765.0
2006-09-01,187834.0
2006-10-01,183736.0
2006-11-01,184964.0
2006-12-01,189286.0
2007-01-01,187306.0
2007-02-01,186573.0
2007-03-01,194583.0
2007-04-01,192448.0
2007-05-01,194046.0
2007-06-01,195911.0
2007-07-01,197335.0
2007-08-01,197169.0
2007-09-01,198648.0
2007-10-01,200634.0
2007-11-01,205392.0
2007-12-01,204105.0
2008-01-01,210534.0
2008-02-01,216003.0
2008-03-01,211336.0
2008-04-01,219295.0
2008-05-01,219625.0
2008-06-01,223116.0
2008-07-01,231351.0
2008-08-01,223798.0
2008-09-01,213104.0
2008-10-01,210757.0
2008-11-01,186078.0
2008-12-01,174321.0
2009-01-01,163458.0
2009-02-01,155004.0
2009-03-01,155180.0
2009-04-01,154254.0
2009-05-01,151872.0
2009-06-01,155581.0
2009-07-01,163785.0
2009-08-01,162740.0
2009-09-01,170754.0
2009-10-01,174339.0
2009-11-01,178741.0
2009-12-01,183066.0
2010-01-01,181737.0
2010-02-01,186708.0
2010-03-01,189649.0
2010-04-01,189783.0
2010-05-01,194132.0
2010-06-01,198843.0
2010-07-01,196506.0
2010-08-01,201551.0
2010-09-01,201111.0
2010-10-01,202901.0
2010-11-01,202386.0
2010-12-01,208274.0
2011-01-01,216034.0
2011-02-01,211707.0
2011-03-01,219016.0
2011-04-01,219573.0
2011-05-01,224603.0
2011-06-01,224788.0
2011-07-01,225442.0
2011-08-01,225412.0
2011-09-01,225224.0
2011-10-01,226016.0
2011-11-01,226055.0
2011-12-01,229631.0
2012-01-01,230372.0
2012-02-01,225610.0
2012-03-01,235960.0
2012-04-01,231640.0
2012-05-01,230319.0
2012-06-01,227963.0
2012-07-01,226900.0
2012-08-01,226969.0
2012-09-01,227871.0
2012-10-01,225487.0
2012-11-01,231925.0
2012-12-01,226862.0
2013-01-01,228820.0
2013-02-01,231760.0
2013-03-01,222593.0
2013-04-01,227341.0
2013-05-01,230018.0
2013-06-01,225855.0
2013-07-01,226989.0
2013-08-01,227510.0
2013-09-01,230664.0
2013-10-01,230891.0
2013-11-01,229404.0
2013-12-01,228177.0
2014-01-01,231521.0
2014-02-01,233457.0
2014-03-01,239433.0
2014-04-01,241323.0
2014-05-01,239379.0
2014-06-01,237796.0
2014-07-01,238283.0
2014-08-01,237568.0
2014-09-01,239482.0
2014-10-01,240200.0
2014-11-01,236860.0
2014-12-01,239655.0
2015-01-01,231426.0
2015-02-01,224432.0
2015-03-01,239506.0
2015-04-01,231627.0
2015-05-01,228884.0
2015-06-01,232431.0
2015-07-01,229760.0
2015-08-01,230996.0
2015-09-01,229162.0
2015-10-01,226507.0
2015-11-01,223951.0
2015-12-01,223769.0
2016-01-01,219606.0
2016-02-01,224983.0
2016-03-01,217426.0
2016-04-01,220554.0
2016-05-01,222520.0
2016-06-01,226933.0
2016-07-01,226381.0
2016-08-01,228721.0
2016-09-01,226111.0
2016-10-01,226685.0
2016-11-01,230427.0
2016-12-01,232205.0
2017-01-01,237540.0
2017-02-01,234714.0
2017-03-01,235835.0
2017-04-01,238726.0
2017-05-01,237947.0
2017-06-01,239011.0
2017-07-01,238828.0
2017-08-01,238610.0
2017-09-01,240958.0
2017-10-01,244008.0
2017-11-01,250658.0
2017-12-01,254362.0
2018-01-01,252780.0
2018-02-01,257442.0
2018-03-01,254892.0
2018-04-01,256665.0
2018-05-01,255308.0
2018-06-01,256349.0
2018-07-01,259336.0
2018-08-01,259129.0
2018-09-01,262246.0
2018-10-01,264634.0
2018-11-01,259018.0
2018-12-01,262427.0
2019-01-01,257552.0
2019-02-01,258611.0
2019-03-01,260649.0
2019-04-01,258944.0
2019-05-01,264513.0
2019-06-01,259526.0
2019-07-01,259276.0
2019-08-01,259229.0
2019-09-01,254001.0
2019-10-01,251721.0
2019-11-01,249732.0
2019-12-01,255106.0
2020-01-01,250369.0
2020-02-01,246944.0
2020-03-01,231234.0
2020-04-01,203539.0
2020-05-01,200853.0
2020-06-01,209621.0
2020-07-01,231310.0
2020-08-01,238255.0
2020-09-01,239138.0
2020-10-01,246563.0
2020-11-01,254033.0
2020-12-01,257805.0
2021-01-01,260517.0
2021-02-01,259921.0
2021-03-01,273422.0
2021-04-01,272682.0
2021-05-01,276573.0
2021-06-01,284212.0
2021-07-01,283920.0
2021-08-01,290490.0
2021-09-01,288525.0
2021-10-01,294841.0
2021-11-01,311609.0
2021-12-01,314278.0
2022-01-01,314559.0
2022-02-01,318948.0
2022-03-01,344126.0
2022-04-01,336893.0
2022-05-01,339120.0
2022-06-01,340099.0
2022-07-01,330994.0
2022-08-01,332055.0
2022-09-01,329291.0
2022-10-01,335012.0
2022-11-01,318512.0
2022-12-01,321940.0
2023-01-01,325685.0
2023-02-01,319910.0
2023-03-01,313636.0
2023-04-01,322580.0
2023-05-01,316314.0
2023-06-01,314764.0
2023-07-01,318192.0
2023-08-01,319263.0
2023-09-01,323094.0
2023-10-01,327614.0
2023-11-01,322143.0
2023-12-01,324009.0
2024-01-01,325539.0
2024-02-01,331735.0
2024-03-01,327409.0
2024-04-01,338472.0
2024-05-01,336761.0
2024-06-01,340621.0
2024-07-01,348297.0
2024-08-01,346965.0
2024-09-01,356592.0
2024-10-01,345601.0
2024-11-01,356410.0
2024-12-01,367476.0
2025-01-01,399532.0
2025-02-01,397602.0
2025-03-01,416352.0
2025-04-01,350939.0
2025-05-01,348977.0
2025-06-01,339745.0
2025-07-01,359235.0
2025-08-01,344383.0
2025-09-01,351743.0
2025-10-01,338534.0
2025-11-01,353372.0
2025-12-01,361360.0
2026-01-01,353991.0
2026-02-01,366783.0
2026-03-01,375360.0
2026-04-01,382982.0
