period,dxy_zscore_252d,korea_exports_yoy_pct,korea_kosdaq_ret_60d_pct,korea_kospi_ret_60d_pct,risk_off_composite_z,us_10y_2y_spread,us_sp500_ret_60d_pct,vix_zscore_252d,risk_off_score,risk_on_flag,risk_off_flag,dollar_pressure_flag,growth_on_flag,export_recovery_flag,market_regime
1980-01-01,,,,,,-0.6199999999999992,,,,False,False,False,False,False,neutral
1980-02-01,,,,,,-2.01,,,,False,False,False,False,False,neutral
1980-03-01,,,,,,-1.9900000000000002,,,,False,False,False,False,False,neutral
1980-04-01,,,,,,-0.05000000000000071,,,,False,False,False,False,False,neutral
1980-05-01,,,,,,1.0,,,,False,False,False,False,False,neutral
1980-06-01,,,,,,1.1199999999999992,,,,False,False,False,False,False,neutral
1980-07-01,,,,,,1.0399999999999991,,,,False,False,False,False,False,neutral
1980-08-01,,,,,,0.19000000000000128,,,,False,False,False,False,False,neutral
1980-09-01,,,,,,-0.27000000000000135,,,,False,False,False,False,False,neutral
1980-10-01,,,,,,-0.6199999999999992,,,,False,False,False,False,False,neutral
1980-11-01,,,,,,-1.4100000000000001,,,,False,False,False,False,False,neutral
1980-12-01,,,,,,-0.6300000000000008,,,,False,False,False,False,False,neutral
1981-01-01,,32.08026689028618,,,,-0.5800000000000001,,,,False,False,False,False,True,neutral
1981-02-01,,20.702698696447143,,,,-0.6500000000000004,,,,False,False,False,False,True,neutral
1981-03-01,,17.91622962751811,,,,-0.03999999999999915,,,,False,False,False,False,True,neutral
1981-04-01,,32.42299397526611,,,,-0.7300000000000004,,,,False,False,False,False,True,neutral
1981-05-01,,27.20759937933821,,,,-0.9000000000000004,,,,False,False,False,False,True,neutral
1981-06-01,,31.180407836459278,,,,-0.8000000000000007,,,,False,False,False,False,True,neutral
1981-07-01,,31.228120971466787,,,,-1.17,,,,False,False,False,False,True,neutral
1981-08-01,,18.974529333404956,,,,-1.3200000000000003,,,,False,False,False,False,True,neutral
1981-09-01,,22.27148792912159,,,,-0.8500000000000014,,,,False,False,False,False,True,neutral
1981-10-01,,18.070223550267308,,,,0.040000000000000924,,,,False,False,False,False,True,neutral
1981-11-01,,3.8893083203521917,,,,0.7700000000000014,,,,False,False,False,False,True,neutral
1981-12-01,,8.180454529612025,,,,0.34999999999999964,,,,False,False,False,False,True,neutral
1982-01-01,,7.186880789563865,,,,-0.09999999999999964,,,,False,False,False,False,True,neutral
1982-02-01,,4.799672364239038,,,,-0.41000000000000014,,,,False,False,False,False,True,neutral
1982-03-01,,4.6254696261942785,,,,-0.33999999999999986,,,,False,False,False,False,True,neutral
1982-04-01,,2.9795970106479164,,,,-0.120000000000001,,,,False,False,False,False,True,neutral
1982-05-01,,7.992066538119458,,,,0.09000000000000163,,,,False,False,False,False,True,neutral
1982-06-01,,-3.699432319528695,,,,-0.22000000000000064,,,,False,False,False,False,False,neutral
1982-07-01,,-5.217006674784697,,,,0.5099999999999998,,,,False,False,False,False,False,neutral
1982-08-01,,4.002035348860011,,,,0.8200000000000003,,,,False,False,False,False,True,neutral
1982-09-01,,10.051593897557144,,,,0.5,,,,False,False,False,False,True,neutral
1982-10-01,,11.85348492285081,,,,0.8600000000000012,,,,False,False,False,False,True,neutral
1982-11-01,,-10.77110639991512,,,,0.8299999999999983,,,,False,False,False,False,False,neutral
1982-12-01,,-2.146445841907063,,,,0.879999999999999,,,,False,False,False,False,False,neutral
1983-01-01,,-10.508722119075864,,,,1.2200000000000006,,,,False,False,False,False,False,neutral
1983-02-01,,-1.216603604819111,,,,0.9599999999999991,,,,False,False,False,False,False,neutral
1983-03-01,,8.16095679912423,,,,0.75,,,,False,False,False,False,True,neutral
1983-04-01,,2.9168270000101693,,,,0.9199999999999999,,,,False,False,False,False,True,neutral
1983-05-01,,5.145522181598405,,,,0.7900000000000009,,,,False,False,False,False,True,neutral
1983-06-01,,21.640899044119767,,,,0.7300000000000004,,,,False,False,False,False,True,neutral
1983-07-01,,17.053082905459927,,,,0.7300000000000004,,,,False,False,False,False,True,neutral
1983-08-01,,11.561951561951567,,,,0.8000000000000007,,,,False,False,False,False,True,neutral
1983-09-01,,9.33948348286262,,,,0.9100000000000001,,,,False,False,False,False,True,neutral
1983-10-01,,13.478222712870513,,,,1.1300000000000008,,,,False,False,False,False,True,neutral
1983-11-01,,36.24399825703748,,,,0.9600000000000009,,,,False,False,False,False,True,neutral
1983-12-01,,28.467356428231973,,,,0.9700000000000006,,,,False,False,False,False,True,neutral
1984-01-01,,51.66832535450718,,,,1.0899999999999999,,,,False,False,False,False,True,neutral
1984-02-01,,28.21092555408633,,,,1.049999999999999,,,,False,False,False,False,True,neutral
1984-03-01,,19.30861839304667,,,,0.9299999999999997,,,,False,False,False,False,True,neutral
1984-04-01,,23.424860270701476,,,,0.9299999999999997,,,,False,False,False,False,True,neutral
1984-05-01,,23.448279351714586,,,,0.9100000000000001,,,,False,False,False,False,True,neutral
1984-06-01,,19.784481985574875,,,,0.6699999999999999,,,,False,False,False,False,True,neutral
1984-07-01,,17.31413912032258,,,,0.33999999999999986,,,,False,False,False,False,True,neutral
1984-08-01,,12.862441710553863,,,,0.25,,,,False,False,False,False,True,neutral
1984-09-01,,3.8329808350958228,,,,0.40000000000000036,,,,False,False,False,False,True,neutral
1984-10-01,,5.2153723533284735,,,,0.6999999999999993,,,,False,False,False,False,True,neutral
1984-11-01,,28.153769632081648,,,,1.08,,,,False,False,False,False,True,neutral
1984-12-01,,19.023454726922463,,,,1.5300000000000011,,,,False,False,False,False,True,neutral
1985-01-01,,-17.62284315281638,,,,1.2699999999999996,,,,False,False,False,False,False,neutral
1985-02-01,,-10.528978479677608,,,,1.25,,,,False,False,False,False,False,neutral
1985-03-01,,3.449378819768434,,,,1.2200000000000006,,,,False,False,False,False,True,neutral
1985-04-01,,2.296979310838787,,,,1.5,,,,False,False,False,False,True,neutral
1985-05-01,,-0.5400672870718326,,,,1.3599999999999994,,,,False,False,False,False,False,neutral
1985-06-01,,-2.329239289581231,,,,1.58,,,,False,False,False,False,False,neutral
1985-07-01,,-1.2939821756578818,,,,1.5600000000000005,,,,False,False,False,False,False,neutral
1985-08-01,,3.940153956220316,,,,1.3199999999999985,,,,False,False,False,False,True,neutral
1985-09-01,,10.166319592949735,,,,1.4299999999999997,,,,False,False,False,False,True,neutral
1985-10-01,,0.0407682260078035,,,,1.3100000000000005,,,,False,False,False,False,True,neutral
1985-11-01,,18.894359494356493,,,,1.129999999999999,,,,False,False,False,False,True,neutral
1985-12-01,,27.562966556241086,,,,1.0199999999999996,,,,False,False,False,False,True,neutral
1986-01-01,,22.854974912909974,,,,1.0899999999999999,,,,False,False,False,False,True,neutral
1986-02-01,,26.990271182082925,,,,0.4200000000000008,,,,False,False,False,False,True,neutral
1986-03-01,,9.49762938404315,,,,0.46999999999999975,,,,False,False,False,False,True,neutral
1986-04-01,,8.227446403043182,,,,0.5499999999999998,,,,False,False,False,False,True,neutral
1986-05-01,,21.273222557407312,,,,0.6900000000000004,,,,False,False,False,False,True,neutral
1986-06-01,,18.942102885173952,,,,0.54,,,,False,False,False,False,True,neutral
1986-07-01,,18.619516242272226,,,,0.7699999999999996,,,,False,False,False,False,True,neutral
1986-08-01,,25.577387347842606,,,,1.0099999999999998,,,,False,False,False,False,True,neutral
1986-09-01,,21.9641814056434,,,,1.0700000000000003,,,,False,False,False,False,True,neutral
1986-10-01,,25.677129191443846,,,,1.08,,,,False,False,False,False,True,neutral
1986-11-01,,2.9373797984205696,,,,0.9400000000000004,,,,False,False,False,False,True,neutral
1986-12-01,,-4.5915096325677585,,,,0.8800000000000008,,,,False,False,False,False,False,neutral
1987-01-01,,33.005076027552136,,,,0.8499999999999996,,,,False,False,False,False,True,neutral
1987-02-01,,30.14314317305682,,,,0.8400000000000007,,,,False,False,False,False,True,neutral
1987-03-01,,37.631667290114045,,,,0.9699999999999998,,,,False,False,False,False,True,neutral
1987-04-01,,47.217232728911185,,,,0.830000000000001,,,,False,False,False,False,True,neutral
1987-05-01,,31.79810916366803,,,,0.7999999999999998,,,,False,False,False,False,True,neutral
1987-06-01,,37.19658448965417,,,,0.9000000000000004,,,,False,False,False,False,True,neutral
1987-07-01,,39.69364838335492,,,,1.0300000000000002,,,,False,False,False,False,True,neutral
1987-08-01,,21.98247654523633,,,,1.0300000000000002,,,,False,False,False,False,True,neutral
1987-09-01,,35.2716274711548,,,,1.0300000000000011,,,,False,False,False,False,True,neutral
1987-10-01,,27.371232675843604,,,,1.3000000000000007,,,,False,False,False,False,True,neutral
1987-11-01,,33.779508286619354,,,,1.2599999999999998,,,,False,False,False,False,True,neutral
1987-12-01,,50.5304020627229,,,,1.0600000000000005,,,,False,False,False,False,True,neutral
1988-01-01,,40.149063495946294,,,,1.04,,,,False,False,False,False,True,neutral
1988-02-01,,39.95491942557716,,,,1.0300000000000002,,,,False,False,False,False,True,neutral
1988-03-01,,32.35987160385076,,,,1.1600000000000001,,,,False,False,False,False,True,neutral
1988-04-01,,24.167866962113393,,,,1.1399999999999988,,,,False,False,False,False,True,neutral
1988-05-01,,21.215238672788693,,,,0.9899999999999984,,,,False,False,False,False,True,neutral
1988-06-01,,16.961802139254246,,,,0.8000000000000007,,,,False,False,False,False,True,neutral
1988-07-01,,27.096476798652837,,,,0.7299999999999986,,,,False,False,False,False,True,neutral
1988-08-01,,47.37814395114932,,,,0.5399999999999991,,,,False,False,False,False,True,neutral
1988-09-01,,25.01965962179826,,,,0.4399999999999995,,,,False,False,False,False,True,neutral
1988-10-01,,28.059224123055195,,,,0.40000000000000036,,,,False,False,False,False,True,neutral
1988-11-01,,32.0464265424766,,,,0.22000000000000064,,,,False,False,False,False,True,neutral
1988-12-01,,21.32046471267475,,,,0.0,,,,False,False,False,False,True,neutral
1989-01-01,,10.96959333909564,,,,-0.10999999999999943,,,,False,False,False,False,True,neutral
1989-02-01,,5.340989051082157,,,,-0.23000000000000043,,,,False,False,False,False,True,neutral
1989-03-01,,10.343073742595067,,,,-0.4299999999999997,,,,False,False,False,False,True,neutral
1989-04-01,,3.5941653287321795,,,,-0.20000000000000107,,,,False,False,False,False,True,neutral
1989-05-01,,4.079323246697175,,,,-0.22000000000000064,,,,False,False,False,False,True,neutral
1989-06-01,,7.492415368532557,,,,0.019999999999999574,,,,False,False,False,False,True,neutral
1989-07-01,,1.4945101884301426,,,,0.29000000000000004,,,,False,False,False,False,True,neutral
1989-08-01,,-1.2193058267350954,,,,-0.16000000000000014,,,,False,False,False,False,False,neutral
1989-09-01,,2.3182592730659923,,,,-0.15000000000000036,,,,False,False,False,False,True,neutral
1989-10-01,,-0.06030453496370658,,,,0.07000000000000028,,,,False,False,False,False,False,neutral
1989-11-01,,-1.7628605449732215,,,,0.08999999999999986,,,,False,False,False,False,False,neutral
1989-12-01,,-4.540993659959225,,,,0.05999999999999961,,,,False,False,False,False,False,neutral
1990-01-01,,-8.065221051879012,,,,0.15000000000000036,,,,False,False,False,False,False,neutral
1990-02-01,,5.0974275148867765,,,,0.08000000000000007,,,,False,False,False,False,True,neutral
1990-03-01,,0.3783710842343302,,,,0.009999999999999787,,,,False,False,False,False,True,neutral
1990-04-01,,2.0965352757509104,,,,0.0799999999999983,,,,False,False,False,False,True,neutral
1990-05-01,,5.5520789691501315,,,,0.09999999999999964,,,,False,False,False,False,True,neutral
1990-06-01,,5.1302409765295875,,,,0.1899999999999995,,,,False,False,False,False,True,neutral
1990-07-01,,4.560640192951637,,,,0.4499999999999993,,,,False,False,False,False,True,neutral
1990-08-01,,2.937182888962453,,,,0.7899999999999991,,,,False,False,False,False,True,neutral
1990-09-01,,10.099549259570484,,,,0.8000000000000007,,,,False,False,False,False,True,neutral
1990-10-01,,1.465976753752396,,,,0.8800000000000008,,,,False,False,False,False,True,neutral
1990-11-01,,4.868616900905698,,,,0.7299999999999995,,,,False,False,False,False,True,neutral
1990-12-01,,15.054658270202514,,,,0.9299999999999997,,,,False,False,False,False,True,neutral
1991-01-01,,15.342917881925544,,,,0.9799999999999995,,,,False,False,False,False,True,neutral
1991-02-01,,4.359534368481688,,,,0.9799999999999995,,,,False,False,False,False,True,neutral
1991-03-01,,8.402747605352602,,,,1.0300000000000011,,,,False,False,False,False,True,neutral
1991-04-01,,16.14924596369729,,,,1.2199999999999998,,,,False,False,False,False,True,neutral
1991-05-01,,19.53249704339988,,,,1.3800000000000008,,,,False,False,False,False,True,neutral
1991-06-01,,14.09413734923579,,,,1.3399999999999999,,,,False,False,False,False,True,neutral
1991-07-01,,5.003798143666427,,,,1.3899999999999997,,,,False,False,False,False,True,neutral
1991-08-01,,4.64244529053075,,,,1.46,,,,False,False,False,False,True,neutral
1991-09-01,,-2.5408598307290586,,,,1.4799999999999995,,,,False,False,False,False,False,neutral
1991-10-01,,20.66000486337265,,,,1.7699999999999996,,,,False,False,False,False,True,neutral
1991-11-01,,13.736907161689338,,,,2.0,,,,False,False,False,False,True,neutral
1991-12-01,,9.429605904238358,,,,1.9400000000000004,,,,False,False,False,False,True,neutral
1992-01-01,,15.58586239958668,,,,2.1999999999999993,,,,False,False,False,False,True,neutral
1992-02-01,,5.9338444216565644,,,,2.0,,,,False,False,False,False,True,neutral
1992-03-01,,10.927154292658381,,,,1.9400000000000004,,,,False,False,False,False,True,neutral
1992-04-01,,9.052037871915463,,,,2.1500000000000004,,,,False,False,False,False,True,neutral
1992-05-01,,2.0003680237867805,,,,2.1399999999999997,,,,False,False,False,False,True,neutral
1992-06-01,,7.25247920370411,,,,2.3099999999999996,,,,False,False,False,False,True,neutral
1992-07-01,,13.415492792099148,,,,2.3,,,,False,False,False,False,True,neutral
1992-08-01,,9.427048974937225,,,,2.4699999999999998,,,,False,False,False,False,True,neutral
1992-09-01,,15.462527121676196,,,,2.5700000000000003,,,,False,False,False,False,True,neutral
1992-10-01,,8.137526524120453,,,,2.3999999999999995,,,,False,False,False,False,True,neutral
1992-11-01,,-1.2539635528723836,,,,2.16,,,,False,False,False,False,False,neutral
1992-12-01,,-7.642351526938784,,,,2.1400000000000006,,,,False,False,False,False,False,neutral
1993-01-01,,-1.474460274565581,,,,2.1899999999999995,,,,False,False,False,False,False,neutral
1993-02-01,,14.05353116546424,,,,2.1100000000000003,,,,False,False,False,False,True,neutral
1993-03-01,,7.6243078546684995,,,,2.0700000000000003,,,,False,False,False,False,True,neutral
1993-04-01,,5.369074013093744,,,,2.2199999999999998,,,,False,False,False,False,True,neutral
1993-05-01,,6.06443664426608,,,,1.92,,,,False,False,False,False,True,neutral
1993-06-01,,3.3406728513033945,,,,1.7699999999999996,,,,False,False,False,False,True,neutral
1993-07-01,,4.777405693957837,,,,1.7000000000000002,,,,False,False,False,False,True,neutral
1993-08-01,,6.882726939226624,,,,1.5700000000000003,,,,False,False,False,False,True,neutral
1993-09-01,,8.16636124815009,,,,1.5100000000000002,,,,False,False,False,False,True,neutral
1993-10-01,,5.567931466875842,,,,1.4399999999999995,,,,False,False,False,False,True,neutral
1993-11-01,,10.283776947086576,,,,1.6100000000000003,,,,False,False,False,False,True,neutral
1993-12-01,,17.26711537774346,,,,1.58,,,,False,False,False,False,True,neutral
1994-01-01,,12.408580127844093,,,,1.58,,,,False,False,False,False,True,neutral
1994-02-01,,4.664922375927905,,,,1.4800000000000004,,,,False,False,False,False,True,neutral
1994-03-01,,8.995721227746989,,,,1.5599999999999996,,,,False,False,False,False,True,neutral
1994-04-01,,13.648734706470723,,,,1.3299999999999992,,,,False,False,False,False,True,neutral
1994-05-01,,15.823763996535355,,,,1.1600000000000001,,,,False,False,False,False,True,neutral
1994-06-01,,15.103754004631998,,,,1.1499999999999995,,,,False,False,False,False,True,neutral
1994-07-01,,14.650143154345564,,,,1.13,,,,False,False,False,False,True,neutral
1994-08-01,,16.26846468227352,,,,1.0200000000000005,,,,False,False,False,False,True,neutral
1994-09-01,,16.48786521804617,,,,1.0,,,,False,False,False,False,True,neutral
1994-10-01,,18.058179812270602,,,,0.9699999999999998,,,,False,False,False,False,True,neutral
1994-11-01,,26.444545276834862,,,,0.5099999999999998,,,,False,False,False,False,True,neutral
1994-12-01,,32.02176591808292,,,,0.14999999999999947,,,,False,False,False,False,True,neutral
1995-01-01,,28.371352904260206,,,,0.33999999999999986,,,,False,False,False,False,True,neutral
1995-02-01,,33.79559464909927,,,,0.4299999999999997,,,,False,False,False,False,True,neutral
1995-03-01,,31.770264858249476,,,,0.40000000000000036,,,,False,False,False,False,True,neutral
1995-04-01,,31.527244206151828,,,,0.47000000000000064,,,,False,False,False,False,True,neutral
1995-05-01,,35.46545538782606,,,,0.41000000000000014,,,,False,False,False,False,True,neutral
1995-06-01,,35.63136361083996,,,,0.41999999999999993,,,,False,False,False,False,True,neutral
1995-07-01,,38.12896296013051,,,,0.5700000000000003,,,,False,False,False,False,True,neutral
1995-08-01,,40.08087919427163,,,,0.4300000000000006,,,,False,False,False,False,True,neutral
1995-09-01,,32.362260396883435,,,,0.33999999999999986,,,,False,False,False,False,True,neutral
1995-10-01,,31.037075264015268,,,,0.41999999999999993,,,,False,False,False,False,True,neutral
1995-11-01,,22.319644499653624,,,,0.39999999999999947,,,,False,False,False,False,True,neutral
1995-12-01,,13.268351967283753,,,,0.40000000000000036,,,,False,False,False,False,True,neutral
1996-01-01,,24.134952626655082,,,,0.6699999999999999,,,,False,False,False,False,True,neutral
1996-02-01,,18.932589880718574,,,,0.6899999999999995,,,,False,False,False,False,True,neutral
1996-03-01,,14.41808325966958,,,,0.5499999999999998,,,,False,False,False,False,True,neutral
1996-04-01,,6.016042780748654,,,,0.6299999999999999,,,,False,False,False,False,True,neutral
1996-05-01,,4.484385810053193,,,,0.5800000000000001,,,,False,False,False,False,True,neutral
1996-06-01,,1.0778348943007554,,,,0.6200000000000001,,,,False,False,False,False,True,neutral
1996-07-01,,-5.240299197012099,,,,0.5800000000000001,,,,False,False,False,False,False,neutral
1996-08-01,,-9.22017420935548,,,,0.6200000000000001,,,,False,False,False,False,False,neutral
1996-09-01,,-7.298601606339339,,,,0.6200000000000001,,,,False,False,False,False,False,neutral
1996-10-01,,1.018521371999137,,,,0.6000000000000005,,,,False,False,False,False,True,neutral
1996-11-01,,1.4943438559200883,,,,0.46999999999999975,,,,False,False,False,False,True,neutral
1996-12-01,,2.5505681284627713,,,,0.5499999999999998,,,,False,False,False,False,True,neutral
1997-01-01,,-7.482435250916286,,,,0.5899999999999999,,,,False,False,False,False,False,neutral
1997-02-01,,-7.5459032228186285,,,,0.46999999999999975,,,,False,False,False,False,False,neutral
1997-03-01,,-1.9285308117889866,,,,0.46999999999999975,,,,False,False,False,False,False,neutral
1997-04-01,,5.628120593942376,,,,0.4299999999999997,,,,False,False,False,False,True,neutral
1997-05-01,,5.236282534399828,,,,0.4500000000000002,,,,False,False,False,False,True,neutral
1997-06-01,,9.843296445184691,,,,0.4299999999999997,,,,False,False,False,False,True,neutral
1997-07-01,,19.030553273062488,,,,0.27999999999999936,,,,False,False,False,False,True,neutral
1997-08-01,,14.48411485800467,,,,0.3700000000000001,,,,False,False,False,False,True,neutral
1997-09-01,,13.328719845631642,,,,0.3200000000000003,,,,False,False,False,False,True,neutral
1997-10-01,,5.33915117321353,,,,0.20999999999999996,,,,False,False,False,False,True,neutral
1997-11-01,,4.423570561158829,,,,0.10000000000000053,,,,False,False,False,False,True,neutral
1997-12-01,,1.0612044565276202,,,,0.08999999999999986,,,,False,False,False,False,True,neutral
1998-01-01,,0.9751653870343269,,,,0.20999999999999996,,,,False,False,False,False,True,neutral
1998-02-01,,16.300095793117396,,,,0.07000000000000028,,,,False,False,False,False,True,neutral
1998-03-01,,8.23030035609509,,,,0.07000000000000028,,,,False,False,False,False,True,neutral
1998-04-01,,3.8284037744825916,,,,0.08999999999999986,,,,False,False,False,False,True,neutral
1998-05-01,,-2.260792136435552,,,,0.02999999999999936,,,,False,False,False,False,False,neutral
1998-06-01,,-7.511483106202621,,,,-0.04999999999999982,,,,False,False,False,False,False,neutral
1998-07-01,,-14.882041457250338,,,,0.009999999999999787,,,,False,False,False,False,False,neutral
1998-08-01,,-11.46204560502907,,,,0.13999999999999968,,,,False,False,False,False,False,neutral
1998-09-01,,-6.7082949880345355,,,,0.14000000000000057,,,,False,False,False,False,False,neutral
1998-10-01,,-12.43645699177518,,,,0.5199999999999996,,,,False,False,False,False,False,neutral
1998-11-01,,-3.811221620831151,,,,0.20000000000000018,,,,False,False,False,False,False,neutral
1998-12-01,,3.403524668146596,,,,0.11000000000000032,,,,False,False,False,False,True,neutral
1999-01-01,,-1.2254094163431373,,,,0.08000000000000007,,,,False,False,False,False,False,neutral
1999-02-01,,-14.71164921423016,,,,0.16000000000000014,,,,False,False,False,False,False,neutral
1999-03-01,,-5.286831944041992,,,,0.2599999999999998,,,,False,False,False,False,False,neutral
1999-04-01,,-2.8723518000885906,,,,0.28000000000000025,,,,False,False,False,False,False,neutral
1999-05-01,,0.3648549415246505,,,,0.21999999999999975,,,,False,False,False,False,True,neutral
1999-06-01,,12.172055034140318,,,,0.27999999999999936,,,,False,False,False,False,True,neutral
1999-07-01,,17.605914959439282,,,,0.29000000000000004,,,,False,False,False,False,True,neutral
1999-08-01,,15.819334309715384,,,,0.25,,,,False,False,False,False,True,neutral
1999-09-01,,12.491434702448313,,,,0.27000000000000046,,,,False,False,False,False,True,neutral
1999-10-01,,25.223175418748788,,,,0.22999999999999954,,,,False,False,False,False,True,neutral
1999-11-01,,22.818664403086242,,,,0.16999999999999993,,,,False,False,False,False,True,neutral
1999-12-01,,21.035950344063735,,,,0.20999999999999996,,,,False,False,False,False,True,neutral
2000-01-01,,29.88280071786209,,,,0.0699999999999994,,,,False,False,False,False,True,neutral
2000-02-01,,34.8751018413689,,,,-0.11000000000000032,,,,False,False,False,False,True,neutral
2000-03-01,,23.55417765018517,,,,-0.46999999999999975,,,,False,False,False,False,True,neutral
2000-04-01,,18.80581132332628,,,,-0.4499999999999993,,,,False,False,False,False,True,neutral
2000-05-01,,27.02603710486504,,,,-0.40000000000000036,,,,False,False,False,False,True,neutral
2000-06-01,,20.744290175623004,,,,-0.34999999999999964,,,,False,False,False,False,True,neutral
2000-07-01,,22.35621726712973,,,,-0.2599999999999998,,,,False,False,False,False,True,neutral
2000-08-01,,30.030798838578153,,,,-0.4499999999999993,,,,False,False,False,False,True,neutral
2000-09-01,,25.70438890698017,,,,-0.1800000000000006,,,,False,False,False,False,True,neutral
2000-10-01,,13.911153439219204,,,,-0.17000000000000082,,,,False,False,False,False,True,neutral
2000-11-01,,5.586551015776742,,,,-0.1299999999999999,,,,False,False,False,False,True,neutral
2000-12-01,,1.5815064020421765,,,,0.009999999999999787,,,,False,False,False,False,True,neutral
2001-01-01,,2.300860037606234,,,,0.5700000000000003,,,,False,False,False,False,True,neutral
2001-02-01,,4.980633603176798,,,,0.5099999999999998,,,,False,False,False,False,True,neutral
2001-03-01,,-2.399122409228527,,,,0.75,,,,False,False,False,False,False,neutral
2001-04-01,,-9.96990093709348,,,,1.0499999999999998,,,,False,False,False,False,False,neutral
2001-05-01,,-9.556494412824179,,,,1.21,,,,False,False,False,False,False,neutral
2001-06-01,,-14.231833690834373,,,,1.17,,,,False,False,False,False,False,neutral
2001-07-01,,-21.53290639416904,,,,1.2800000000000002,,,,False,False,False,False,False,neutral
2001-08-01,,-20.068229060052033,,,,1.2099999999999995,,,,False,False,False,False,False,neutral
2001-09-01,,-18.62135622306309,,,,1.7399999999999998,,,,False,False,False,False,False,neutral
2001-10-01,,-19.554466248765667,,,,1.8599999999999999,,,,False,False,False,False,False,neutral
2001-11-01,,-18.645045945312233,,,,1.9400000000000004,,,,False,False,False,False,False,neutral
2001-12-01,,-18.089575896054733,,,,2.0000000000000004,,,,False,False,False,False,False,neutral
2002-01-01,,-12.820394589364303,,,,1.9100000000000001,,,,False,False,False,False,False,neutral
2002-02-01,,-16.22586290291901,,,,1.8199999999999998,,,,False,False,False,False,False,neutral
2002-03-01,,-7.2008248225569504,,,,1.6999999999999997,,,,False,False,False,False,False,neutral
2002-04-01,,9.16596692880971,,,,1.87,,,,False,False,False,False,True,neutral
2002-05-01,,5.800734188269163,,,,1.8599999999999999,,,,False,False,False,False,True,neutral
2002-06-01,,1.1353086141292934,,,,1.9600000000000004,,,,False,False,False,False,True,neutral
2002-07-01,,16.79597288839694,,,,2.28,,,,False,False,False,False,True,neutral
2002-08-01,,18.25235957470701,,,,1.9999999999999996,,,,False,False,False,False,True,neutral
2002-09-01,,12.679809323745662,,,,1.91,,,,False,False,False,False,True,neutral
2002-10-01,,23.46320977523537,,,,2.25,,,,False,False,False,False,True,neutral
2002-11-01,,24.623377648236477,,,,2.1399999999999997,,,,False,False,False,False,True,neutral
2002-12-01,,25.594794762743355,,,,2.2199999999999998,,,,False,False,False,False,True,neutral
2003-01-01,,25.870524507645996,,,,2.2800000000000002,,,,False,False,False,False,True,neutral
2003-02-01,,19.1061677216781,,,,2.1799999999999997,,,,False,False,False,False,True,neutral
2003-03-01,,18.23848238482384,,,,2.3200000000000003,,,,False,False,False,False,True,neutral
2003-04-01,,16.264990826676563,,,,2.38,,,,False,False,False,False,True,neutral
2003-05-01,,6.3052440345176874,,,,2.04,,,,False,False,False,False,True,neutral
2003-06-01,,19.462724120167362,,,,2.2199999999999998,,,,False,False,False,False,True,neutral
2003-07-01,,16.440101146453223,,,,2.6900000000000004,,,,False,False,False,False,True,neutral
2003-08-01,,9.526958617589454,,,,2.5,,,,False,False,False,False,True,neutral
2003-09-01,,23.574934857647655,,,,2.46,,,,False,False,False,False,True,neutral
2003-10-01,,24.466120210324817,,,,2.48,,,,False,False,False,False,True,neutral
2003-11-01,,21.66319771379488,,,,2.28,,,,False,False,False,False,True,neutral
2003-12-01,,30.38097191066502,,,,2.4299999999999997,,,,False,False,False,False,True,neutral
2004-01-01,,33.16029652002066,,,,2.3200000000000003,,,,False,False,False,False,True,neutral
2004-02-01,,41.816973635118316,,,,2.33,,,,False,False,False,False,True,neutral
2004-03-01,,38.52221728571976,,,,2.26,,,,False,False,False,False,True,neutral
2004-04-01,,36.10582142698553,,,,2.22,,,,False,False,False,False,True,neutral
2004-05-01,,41.80641026694383,,,,2.12,,,,False,False,False,False,True,neutral
2004-06-01,,38.692813293130015,,,,1.92,,,,False,False,False,False,True,neutral
2004-07-01,,34.931647935370755,,,,1.8199999999999998,,,,False,False,False,False,True,neutral
2004-08-01,,29.530555496646137,,,,1.7199999999999998,,,,False,False,False,False,True,neutral
2004-09-01,,21.503078466516932,,,,1.5099999999999998,,,,False,False,False,False,True,neutral
2004-10-01,,21.443757578298506,,,,1.4899999999999998,,,,False,False,False,False,True,neutral
2004-11-01,,24.74358321594452,,,,1.3400000000000003,,,,False,False,False,False,True,neutral
2004-12-01,,20.282411577014937,,,,1.1600000000000001,,,,False,False,False,False,True,neutral
2005-01-01,,15.949453983006334,,,,0.8499999999999996,,,,False,False,False,False,True,neutral
2005-02-01,,8.705990682526089,,,,0.7700000000000005,,,,False,False,False,False,True,neutral
2005-03-01,,11.346104390778834,,,,0.7000000000000002,,,,False,False,False,False,True,neutral
2005-04-01,,7.921138513535886,,,,0.5499999999999998,,,,False,False,False,False,True,neutral
2005-05-01,,9.68153585872047,,,,0.3999999999999999,,,,False,False,False,False,True,neutral
2005-06-01,,9.924270861770857,,,,0.2799999999999998,,,,False,False,False,False,True,neutral
2005-07-01,,9.892598632768856,,,,0.2600000000000007,,,,False,False,False,False,True,neutral
2005-08-01,,17.590862599992676,,,,0.17999999999999972,,,,False,False,False,False,True,neutral
2005-09-01,,17.72530434400568,,,,0.16000000000000014,,,,False,False,False,False,True,neutral
2005-10-01,,11.904861405738544,,,,0.16999999999999993,,,,False,False,False,False,True,neutral
2005-11-01,,12.480969430908328,,,,0.07000000000000028,,,,False,False,False,False,True,neutral
2005-12-01,,10.128544992956279,,,,-0.020000000000000462,,,,False,False,False,False,True,neutral
2006-01-01,,4.9938095519221015,,,,-0.009999999999999787,,,,False,False,False,False,True,neutral
2006-02-01,,15.525296657570454,,,,-0.14000000000000057,,,,False,False,False,False,True,neutral
2006-03-01,,13.073359413232776,,,,0.040000000000000036,,,,False,False,False,False,True,neutral
2006-04-01,,11.431759770980122,,,,0.20000000000000018,,,,False,False,False,False,True,neutral
2006-05-01,,20.55008595092984,,,,0.08000000000000007,,,,False,False,False,False,True,neutral
2006-06-01,,17.677864543248134,,,,-0.009999999999999787,,,,False,False,False,False,True,neutral
2006-07-01,,10.054058953228239,,,,0.020000000000000462,,,,False,False,False,False,True,neutral
2006-08-01,,17.438501068611888,,,,-0.04999999999999982,,,,False,False,False,False,True,neutral
2006-09-01,,19.46878567180841,,,,-0.07000000000000028,,,,False,False,False,False,True,neutral
2006-10-01,,12.610415162227739,,,,-0.09999999999999964,,,,False,False,False,False,True,neutral
2006-11-01,,16.3493751136496,,,,-0.16000000000000014,,,,False,False,False,False,True,neutral
2006-12-01,,14.905918685216179,,,,-0.11000000000000032,,,,False,False,False,False,True,neutral
2007-01-01,,19.28313102387238,,,,-0.11000000000000032,,,,False,False,False,False,True,neutral
2007-02-01,,11.67508712266596,,,,-0.09000000000000075,,,,False,False,False,False,True,neutral
2007-03-01,,12.898888252131325,,,,0.07000000000000028,,,,False,False,False,False,True,neutral
2007-04-01,,16.327369135818493,,,,0.03000000000000025,,,,False,False,False,False,True,neutral
2007-05-01,,11.722713778131588,,,,-0.019999999999999574,,,,False,False,False,False,True,neutral
2007-06-01,,13.087087500796923,,,,0.16000000000000014,,,,False,False,False,False,True,neutral
2007-07-01,,17.92212090366998,,,,0.22000000000000064,,,,False,False,False,False,True,neutral
2007-08-01,,11.312287881308025,,,,0.3899999999999997,,,,False,False,False,False,True,neutral
2007-09-01,,1.5738561683162233,,,,0.6199999999999997,,,,False,False,False,False,True,neutral
2007-10-01,,20.27762177718597,,,,0.5400000000000005,,,,False,False,False,False,True,neutral
2007-11-01,,19.33181088882805,,,,0.9300000000000002,,,,False,False,False,False,True,neutral
2007-12-01,,13.78827399769882,,,,0.9900000000000002,,,,False,False,False,False,True,neutral
2008-01-01,,16.445371318839143,,,,1.5,,,,False,False,False,False,True,neutral
2008-02-01,,18.528543382895357,,,,1.88,,,,False,False,False,False,True,neutral
2008-03-01,,18.421532335917213,,,,1.83,,,,False,False,False,False,True,neutral
2008-04-01,,26.779724491685954,,,,1.48,,,,False,False,False,False,True,neutral
2008-05-01,,24.78462934871888,,,,1.3999999999999995,,,,False,False,False,False,True,neutral
2008-06-01,,19.105733070983245,,,,1.3600000000000003,,,,False,False,False,False,True,neutral
2008-07-01,,30.501980272982653,,,,1.4700000000000002,,,,False,False,False,False,True,neutral
2008-08-01,,21.6916138870737,,,,1.4700000000000002,,,,False,False,False,False,True,neutral
2008-09-01,,24.587268822236517,,,,1.85,,,,False,False,False,False,True,neutral
2008-10-01,,9.344754430135449,,,,2.4499999999999997,,,,False,False,False,False,True,neutral
2008-11-01,,-18.95739015033817,,,,1.9300000000000002,,,,False,False,False,False,False,neutral
2008-12-01,,-19.327043785901775,,,,1.49,,,,False,False,False,False,False,neutral
2009-01-01,,-32.21077515743224,,,,1.9300000000000002,,,,False,False,False,False,False,neutral
2009-02-01,,-21.36044806659656,,,,2.02,,,,False,False,False,False,False,neutral
2009-03-01,,-19.650236099856933,,,,1.9,,,,False,False,False,False,False,neutral
2009-04-01,,-22.975144698219896,,,,2.25,,,,False,False,False,False,False,neutral
2009-05-01,,-26.572269674210936,,,,2.5500000000000003,,,,False,False,False,False,False,neutral
2009-06-01,,-16.347773432654577,,,,2.42,,,,False,False,False,False,False,neutral
2009-07-01,,-20.686853520979533,,,,2.39,,,,False,False,False,False,False,neutral
2009-08-01,,-21.77809206344875,,,,2.4299999999999997,,,,False,False,False,False,False,neutral
2009-09-01,,-8.695177377389896,,,,2.3600000000000003,,,,False,False,False,False,False,neutral
2009-10-01,,-9.189022518473045,,,,2.5100000000000002,,,,False,False,False,False,False,neutral
2009-11-01,,19.233369846697613,,,,2.54,,,,False,False,False,False,True,neutral
2009-12-01,,32.92900153102784,,,,2.71,,,,False,False,False,False,True,neutral
2010-01-01,,43.59146808111449,,,,2.81,,,,False,False,False,False,True,neutral
2010-02-01,,31.598388636279328,,,,2.8,,,,False,False,False,False,True,neutral
2010-03-01,1.0366851369946457,31.824244815957513,-4.336696839293664,-0.7312410573968586,0.09334970196507941,2.82,2.839583397518819,-0.8499857330644869,-0.13056295058849163,False,False,True,False,True,dollar_pressure
2010-04-01,1.2912189028027348,31.065236525975102,5.303898506142302,11.131247128490473,1.073440877982593,2.7199999999999998,11.301926169090159,0.8556628531624515,0.36113014140934896,False,True,True,False,True,risk_off
2010-05-01,2.1265369541160224,38.542835301306646,-5.539257314907742,-1.1789286079851635,1.8700694906369226,2.55,-4.311810787906234,1.6136020271578226,1.244530268410845,False,True,True,False,True,risk_off
2010-06-01,1.2600853172486406,31.370881017487417,-4.541292446764977,-2.0469725109298786,1.469498522150774,2.3600000000000003,-13.12582078821185,1.678911727052907,1.2727587466622965,False,True,True,False,True,risk_off
2010-07-01,-0.22523345486380011,26.52842448304218,-3.654119389245758,6.787860394537182,-0.12420520838503918,2.3899999999999997,-0.8353763913370615,-0.023176961906278243,-0.044115314647377835,False,False,False,False,True,neutral
2010-08-01,0.3618751366099882,25.759771213814055,-4.577002053388091,5.799468194898072,0.37179582220451046,2.0,-0.602448228604946,0.38171650779903277,0.24867368029225798,False,False,False,False,True,neutral
2010-09-01,-1.251259128500785,16.723980054823386,0.12191405059434057,8.694087672155115,-0.6210401795979412,2.11,5.8666362876201195,0.009178769304902629,-0.45603865082636075,True,False,False,False,True,risk_on
2010-10-01,-1.496591569893429,27.579631502556513,10.027796936067057,5.556583306705232,-0.9440336799886578,2.29,5.493740800296032,-0.39147579008388683,-0.6582948337622155,True,False,False,True,True,risk_on
2010-11-01,-0.038626868827178015,21.112956331389544,3.788004997917538,6.538422813160749,0.029558075936319213,2.36,8.124824679884624,0.09774302069981644,-0.17612370144147893,False,False,False,False,True,neutral
2010-12-01,-0.8387645376916546,25.05231713035212,2.932639980650631,7.899097772049357,-0.8868042110380387,2.69,7.938032725089372,-0.934843884384423,-0.7587084091943065,True,False,False,False,True,risk_on
2011-01-01,-1.294323369074226,39.70803027353542,-1.053270832937958,6.278434473622041,-0.8910548567203994,2.84,5.993074768417017,-0.4877863443665729,-0.6563275906164467,True,False,False,False,True,risk_on
2011-02-01,-1.4405425521413544,19.870248348801823,-0.005946599536166275,-1.18317265556529,-1.0539067877213815,2.73,8.455155930796732,-0.6672710233014087,-0.8217411700432852,True,False,False,False,True,risk_on
2011-03-01,-1.4769365287285854,25.129889516008987,-0.420741414600867,1.4001665375118266,-1.1702564616512063,2.67,4.0805417800350074,-0.8635763945738272,-0.7950888246482067,True,False,False,False,True,risk_on
2011-04-01,-1.990730453845563,26.400651341066993,-0.5376549094375682,6.480118531102352,-1.6563619315081914,2.71,4.023281517680943,-1.32199340917082,-1.0940121798424718,True,False,False,False,True,risk_on
2011-05-01,-1.3913263156395503,19.506480926705194,-7.3005548115553935,7.04482205578898,-1.3274600906396503,2.5999999999999996,1.9075416484642949,-1.26359386563975,-0.8693678197364012,True,False,False,False,True,risk_on
2011-06-01,-1.3767666852212812,13.200244065749223,-10.230250842381139,-1.2819729601451058,-1.1937519577998783,2.73,-0.5669476834838982,-1.0107372303784756,-0.7090444406101513,False,False,False,False,True,neutral
2011-07-01,-1.3675329181266151,19.903982441136534,5.850874767979142,-0.6631120631446552,0.35173168500228325,2.46,-3.575580034389547,2.0709962881311816,0.524129879377278,False,True,False,True,True,risk_off
2011-08-01,-1.17297110951388,25.9393629495841,5.1774485772141166,-9.75544195646435,0.41809516397322277,2.03,-4.741476848846748,2.0091614374603255,0.5787296828903207,False,True,False,True,True,risk_off
2011-09-01,0.9446889971601825,17.9165933414954,-9.492371482629514,-18.836425344554762,1.9277804198388635,1.67,-15.804434972897996,2.9108718425175444,1.7228600645565748,False,True,False,False,True,risk_off
2011-10-01,-0.17129182857353062,7.095713904161416,13.35474034374422,5.977738918033704,0.36219287623464963,1.92,6.888524601769475,0.8956775810428299,0.12084302070344166,False,False,False,True,True,neutral
2011-11-01,1.0501109408690037,13.164119677830532,3.6839890595413483,0.047112593683662496,0.76138963185335,1.83,5.148826652027982,0.4726683228376962,0.31105768998068745,False,False,True,True,True,dollar_pressure
2011-12-01,2.063970235874738,5.758010072714348,16.0025975230762,6.748444735488102,0.964387555527833,1.64,8.839771009076314,-0.1351951248190719,0.24430011193462464,False,False,True,True,True,dollar_pressure
2012-01-01,1.3100568473926901,-4.7835312810277415,0.8990793270646336,2.5299733162781113,0.3163319625623751,1.61,6.778135241116923,-0.6773929222679399,-0.095961515030228,False,False,True,False,False,dollar_pressure
2012-02-01,0.9265996014992923,16.128022156212385,6.615550968249284,6.1629688504959645,0.07864165734783235,1.68,10.63961443047452,-0.7693162868036276,-0.3228340679384003,False,False,False,True,True,neutral
2012-03-01,0.8117386244269279,1.3010838305393957,0.11947431302268274,9.272220232863472,-0.1397009633174096,1.9,10.225300014711758,-1.0911405510617471,-0.4618755509092171,True,False,False,False,True,risk_on
2012-04-01,0.5913359828237437,-6.753978867817622,-7.740767141233373,0.020185810384587555,-0.16300575666265604,1.68,3.775656694850227,-0.9173474961490558,-0.29056273272121563,True,False,False,False,False,risk_on
2012-05-01,2.180007220665845,0.8249719371651087,-12.530812714298944,-8.662240499430208,1.0408438531894253,1.32,-4.416176535932193,-0.09831951428699436,0.6185364007071432,False,True,True,False,True,risk_off
2012-06-01,1.2610824652893633,-0.07336266236271927,-2.830694662402411,-8.625796562889654,0.1214759334550638,1.3399999999999999,-4.938195179266769,-1.0181305983792357,0.05692652141179666,False,False,True,False,False,dollar_pressure
2012-07-01,1.4195149187776936,-7.90676437715383,-4.87224346976971,-3.5020432858703043,0.3719659919913992,1.28,1.8263957121019248,-0.6755829347948953,0.05587523634378956,False,False,True,False,False,dollar_pressure
2012-08-01,0.6127526916105591,-6.239592506230474,8.254008816201374,2.0395920815836854,-0.036633632554684215,1.35,7.4602842273277625,-0.6860199567199275,-0.29057641655052713,True,False,False,True,False,risk_on
2012-09-01,-0.15099006629010514,-3.056652388738268,5.764998081699413,8.718336936927118,-0.5138541394549041,1.42,6.522195521904162,-0.8767182126197032,-0.529571734352519,True,False,False,False,False,risk_on
2012-10-01,-0.3856279016227887,2.288631241372663,7.227085750448259,-1.47017144270557,-0.24227272882401957,1.42,0.667235887208717,-0.09891755602525042,-0.150181956095384,True,False,False,True,True,risk_on
2012-11-01,-0.3369177257214307,1.6120558508643912,-2.25106191398986,0.1720581680987765,-0.5614306525416045,1.37,-1.5119053612136613,-0.7859435793617783,-0.341160639660683,False,False,False,False,True,neutral
2012-12-01,-0.5544604731870341,-3.0984163654494634,-7.711188382082224,0.7649264086301288,-0.19984000251175588,1.53,-1.0607181001242805,0.1547804681635223,-0.05405449023233064,False,False,False,False,False,neutral
2013-01-01,-1.0181340084517048,6.694584697306594,-3.1217541834968165,3.0208831081542264,-1.0438282693194267,1.75,8.570497652500752,-1.0695225301871487,-0.8698668922456257,True,False,False,False,True,risk_on
2013-02-01,0.9368153861502715,-5.6012657403095245,9.802676064996007,3.9428196263887383,0.2199881440838192,1.64,7.124780151870902,-0.4968390979826331,-0.13023031900269208,False,False,False,True,False,neutral
2013-03-01,1.4598524339146077,-2.5152216306784436,9.939782901513361,-0.3504080638587648,0.07534462428857369,1.62,7.5251613132037765,-1.3091631853374603,-0.3141021188529901,False,False,True,True,False,dollar_pressure
2013-04-01,0.35213130021143013,2.0035715245973584,13.190541191585027,1.3295978701668654,-0.2677644857223731,1.48,5.709023747690711,-0.8876602716561763,-0.38756537051047635,True,False,False,True,True,risk_on
2013-05-01,1.3918427290503013,2.3599150365624766,6.402135886577054,-0.24725699273683288,0.9279663015772568,1.86,5.128994299088863,0.4640898741042122,0.3937695275744334,False,False,True,True,True,dollar_pressure
2013-06-01,1.3135398269004532,-0.5034994844431373,-1.8381935776693559,-2.8858231397463907,1.0487163972017643,2.16,2.7644369409314695,0.7838929675030754,0.5532338960154799,False,True,True,False,False,risk_off
2013-07-01,0.11735622703709035,3.111787911071917,-3.3208336966948804,-3.304958448053752,-0.3318976788629936,2.29,3.6307262645713934,-0.7811515847630776,-0.3543609441411663,True,False,False,False,True,risk_on
2013-08-01,0.5461866367299084,6.095184570165113,-3.5482967802146548,0.1304675520440668,0.8084488268126006,2.3899999999999997,-0.6334526493420367,1.0707110168952927,0.5538996067517628,False,True,False,False,True,risk_off
2013-09-01,-0.9409894717261564,-0.0834045072350742,2.994184927022747,9.10263064441228,-0.02908852124470601,2.31,1.7690340544947336,0.8828124292367444,0.05158144166987172,False,False,False,False,False,neutral
2013-10-01,-0.8865776969718651,4.916495271923771,-4.052763411601445,7.942745027144005,-0.6718832320954081,2.26,3.8500191215242063,-0.45718876721895124,-0.48934068998817815,True,False,False,False,True,risk_on
2013-11-01,-0.586016730896243,2.3942333483596423,-1.2810966645665167,4.580347873227253,-0.47148323741505843,2.4699999999999998,9.101180582592438,-0.3569497439338739,-0.5078898512640744,True,False,False,False,True,risk_on
2013-12-01,-1.1475326635301135,4.664603867291217,-5.4535483992965705,0.4284087958617011,-0.7232490661623262,2.66,11.588985638019667,-0.2989654687945389,-0.6887198576309721,True,False,False,False,True,risk_on
2014-01-01,-0.26456042462341556,1.2627490081651427,-1.0467684624987816,-3.138160914951793,0.9717129457670199,2.33,0.6038721976769024,2.2079863161574553,0.7467579574612693,False,True,False,False,True,risk_off
2014-02-01,-1.3818681306905385,0.219382356901332,5.322262708320902,-1.0193063317969653,-0.8171994029480574,2.33,2.824640764479036,-0.2525306752055762,-0.5107820549867016,True,False,False,True,True,risk_on
2014-03-01,-0.9052780130080191,4.993513973038399,6.237985013142944,1.3604157307959275,-0.6402116815348948,2.29,1.8966076425533274,-0.37514535006177063,-0.41441420058900197,True,False,False,True,True,risk_on
2014-04-01,-1.262948422687419,7.5959565961654985,9.70247317943791,2.8251104623432166,-0.9727123994689708,2.25,6.23198514255876,-0.6824763762505225,-0.7274653753297697,True,False,False,True,True,risk_on
2014-05-01,-0.35463265508474007,-0.038078568780253175,0.5094159187877034,1.027001843336639,-0.9779281000296735,2.11,2.4243310195500634,-1.6012235449746068,-0.7497252686254141,True,False,False,False,False,risk_on
2014-06-01,-1.0185932253433578,1.9770357527821192,-3.0700092046131555,0.460605209153897,-1.1613434690718671,2.0599999999999996,5.846239757604765,-1.3040937128003767,-0.8898394425760998,True,False,False,False,True,risk_on
2014-07-01,1.7230541495382703,4.945653553660545,-2.5209473091113987,6.111267281694821,1.651346628577427,2.05,2.7783135311103546,1.5796391076165837,0.9536703644630276,False,True,True,False,True,risk_off
2014-08-01,3.5099132342579256,-0.1909393123803449,9.007493500535247,4.023092188345667,1.32615201572739,1.87,2.766438327514442,-0.8576092028031452,0.48671389932544085,False,True,True,True,False,risk_off
2014-09-01,3.8573850278599044,5.587564625220565,3.3014957650027155,0.669271326482801,2.7261347402973826,1.94,0.4369320467725091,1.594884452734861,1.5515046255712361,False,True,True,True,True,risk_off
2014-10-01,2.8752415454938918,2.359569734357758,2.6569160664412728,-3.282457781497705,1.4430468878556495,1.85,4.476109554187624,0.010852230217407237,0.61097723385031,False,True,True,True,True,risk_off
2014-11-01,2.51122508035747,-2.3052262529072443,-4.612401069238425,-3.284847834254734,1.1295056912230206,1.7100000000000002,3.2984610970946626,-0.25221369791142906,0.45076460594521506,False,True,True,False,False,risk_off
2014-12-01,2.3181989305873683,2.341877118954949,-4.194163108303628,-2.526904973921895,2.0904235615926803,1.5,6.777785824875027,1.8626481925979919,1.1085981592492133,False,True,True,False,True,risk_off
2015-01-01,2.595390765333642,-0.5213834742001766,9.572142989442511,0.48405305510164087,2.409520417048156,1.21,-1.817495418728765,2.2236500687626704,1.5281538525876308,False,True,True,True,False,risk_off
2015-02-01,2.075104034016849,-3.4230528306396835,13.268044976423642,0.346143156724521,0.8300455508338029,1.37,2.14481996153586,-0.4150129323492431,0.3095256598348496,False,False,True,True,False,dollar_pressure
2015-03-01,1.974451938938063,-4.48699903634413,14.840315661246773,7.16037067177695,1.1038910038334124,1.38,0.2788365629652345,0.233330068728762,0.5741408464336707,False,True,True,True,False,risk_off
2015-04-01,1.0248713631381483,-8.185175000260292,14.049956135268893,8.777716413025693,0.49977660292590154,1.4699999999999998,1.4614681552474362,-0.0253181572863452,0.2101868279209717,False,False,True,True,False,dollar_pressure
2015-05-01,1.228926652487647,-10.497377759659432,11.881919979869139,5.0602601170427475,0.45783267647911785,1.5100000000000002,1.7443431844458956,-0.3132612995294113,0.14615009618723512,False,False,True,True,False,dollar_pressure
2015-06-01,0.8544113057787879,-2.5156043124645366,11.313228259076524,1.3272888037791253,1.0180794010344585,1.71,-0.6366988968855569,1.181747496290129,0.6726756099756344,False,True,False,True,False,risk_off
2015-07-01,1.0388892233000244,-6.3611154615435765,6.362129413663076,-2.654493843262107,-0.0069439376608175785,1.5300000000000002,-0.5793681394941519,-1.0527770986216596,-0.12058490267076244,False,False,True,True,False,dollar_pressure
2015-08-01,0.6166468431069126,-13.81273120418296,-4.899586164897373,-5.936929211300235,1.9591405117992047,1.47,-5.190484037287913,3.301634180491497,1.5220366293932375,False,True,False,False,False,risk_off
2015-09-01,0.5920591548667411,-10.751471537471701,-6.546741780416243,-3.2054285164783702,1.2145281723153336,1.42,-6.399814047949059,1.8369971897639263,0.996884086076884,False,True,False,False,False,risk_off
2015-10-01,0.6944732119231699,-13.803435234235872,-9.030060280243257,0.9571044109380589,0.1948888296486707,1.4100000000000001,0.08616022582157434,-0.30469555262582854,0.05720346510056742,False,False,False,False,False,neutral
2015-11-01,1.9375792146048632,-6.761518316701398,7.859358841778685,6.030297868716339,0.9245191814522422,1.27,5.636199471072656,-0.08854085170037869,0.31028699748675737,False,False,True,True,False,dollar_pressure
2015-12-01,1.2277927877682764,-13.313989522415026,1.0933819280857016,-2.882848979713104,0.8060650801982927,1.21,1.4417624062165624,0.3843373726283091,0.4150306515222709,False,False,True,True,False,dollar_pressure
2016-01-01,1.5862767771021897,-20.05766391419398,-1.6435948776307052,-6.320704336450977,1.1258337718670415,1.18,-7.572406851894264,0.665390766631893,0.8354009030598639,False,True,True,False,False,risk_off
2016-02-01,0.7745284105315319,-12.92118214711232,-4.641905932625057,-2.393986769671075,0.6763572870483918,0.96,-6.973288484438589,0.5781861635652519,0.5847841260808171,False,False,False,False,False,neutral
2016-03-01,-1.3824548708714426,-8.49316602812651,1.2829944383956793,4.805889735497515,-1.079174605732154,1.05,6.003325963593076,-0.7758943405928654,-0.7866572445300121,True,False,False,False,False,risk_on
2016-04-01,-2.1915353001698645,-11.205477332095281,2.709486137000794,3.9816663972593425,-1.318165956874032,1.06,9.853461088201886,-0.44479661357819966,-0.9610190823393382,True,False,False,False,False,risk_on
2016-05-01,-0.4061267397592396,-5.152499201400773,2.7676416926608383,1.5591797025013454,-0.5971411244999013,0.9700000000000001,5.413567903520966,-0.7881555092405631,-0.5324291984930452,True,False,False,True,False,risk_on
2016-06-01,-0.1864095405410055,-4.241405751873096,-3.157366231530623,-0.08620471083390369,-0.3641346762885854,0.91,2.5034251048605904,-0.5418598120361654,-0.31238544227032816,True,False,False,False,False,risk_on
2016-07-01,-0.49689014546481847,-8.909961662784838,0.9968739645908276,2.4454775864947376,-0.9152722016542518,0.7899999999999999,5.661268127573504,-1.3336542578436852,-0.7658745862469242,True,False,False,False,False,risk_on
2016-08-01,-0.20727348892186956,0.2852433492187778,-5.7245131322888,0.3734435740079478,-0.5510821843960239,0.78,2.4458186000878346,-0.8948908798701782,-0.44854791718398007,True,False,False,False,True,risk_on
2016-09-01,-0.5243990959706493,-4.823929034563934,-1.6445278660121243,4.1021853191381075,-0.6733270764884909,0.8300000000000001,1.8014986124595511,-0.8222550570063324,-0.48448288568152575,True,False,False,False,False,risk_on
2016-10-01,1.145491595914656,-3.906823748979349,-10.852967619482545,-1.7413811662703393,0.659092397499004,0.9800000000000001,-2.547970341995387,0.17269319908335173,0.4148321071848056,False,False,True,False,False,dollar_pressure
2016-11-01,2.617236452429856,3.6654320384968964,-10.681750074917584,-3.888590077190335,0.946242105333889,1.26,0.8027327453200117,-0.724752241762078,0.36245870381368445,False,False,True,False,True,dollar_pressure
2016-12-01,2.29785071911597,5.077903466487288,-7.7287273683749,-1.8805984602721204,0.9499689196380114,1.2500000000000002,3.9508059597001433,-0.397912879839947,0.3264752008465088,False,False,True,False,True,dollar_pressure
2017-01-01,0.9152921495098052,12.349695132336414,2.7328509020575487,5.575526710852841,-0.0034713049014450936,1.2600000000000002,5.344253899206541,-0.9222347593126954,-0.250621344844973,True,False,False,False,True,risk_on
2017-02-01,1.3195520466399555,18.452518790674066,5.821752056972973,5.0078066559900325,0.4614390965945711,1.14,5.456077345960009,-0.3966738534508133,0.04473338296693369,False,False,True,True,True,dollar_pressure
2017-03-01,0.8448021150154461,14.8101667750276,-3.790703455132982,5.42232763332553,0.16470245909577164,1.13,3.765513573673318,-0.5153971968239028,-0.07621125939693499,False,False,False,False,True,neutral
2017-04-01,0.2491935798448328,22.360307706176652,2.8283357339269344,6.150188192485784,-0.41524995772152284,1.01,3.9972733640983193,-1.0796934952878785,-0.4425184998742042,True,False,False,False,True,risk_on
2017-05-01,-0.6983631471939519,13.686586243102994,7.574282744625727,12.257897908237926,-0.8959763071085387,0.9299999999999999,1.984461273350524,-1.0935894670231254,-0.6342983687659232,True,False,False,False,True,risk_on
2017-06-01,-1.3100076948987116,14.354797123334006,5.640118739341871,11.15660422078979,-0.993394801130397,0.9300000000000002,2.881287174973557,-0.6767819073620824,-0.6533273183597977,True,False,False,False,True,risk_on
2017-07-01,-2.3008479729667997,17.536245596972,1.4858794821181576,4.720511523229631,-1.646459345812192,0.9599999999999997,3.0614342299647213,-0.9920707186575847,-1.023774368487412,True,False,False,False,True,risk_on
2017-08-01,-2.02911460866747,19.83847398961498,-2.420826225617434,-0.7767593599502853,-1.407051278636617,0.79,1.6399528940729047,-0.784987948605764,-0.8426479552458516,True,False,False,False,True,risk_on
2017-09-01,-1.5385967373706486,29.93628616543478,-1.6496678066197479,0.6134788875022501,-1.3635675820049062,0.8600000000000001,3.883430443758362,-1.1885384266391639,-0.9274368554263077,True,False,False,False,True,risk_on
2017-10-01,-0.8955681345488736,10.717318672290643,7.98450697652715,6.546219161540123,-0.8765456917060865,0.7799999999999998,4.092124939779462,-0.8575232488632993,-0.6477663754554422,True,False,False,True,True,risk_on
2017-11-01,-1.1693942980195555,6.406373900912077,17.901847804490355,5.659805778847304,-0.5549308987108795,0.6399999999999999,7.562683141676918,0.05953250059779648,-0.45909096532263816,True,False,False,True,True,risk_on
2017-12-01,-1.3198054819268348,12.493828346820601,13.403388376581592,1.4767359791519663,-0.6707295459267759,0.51,4.87500737402673,-0.021653609926717048,-0.4599466585548958,True,False,False,True,True,risk_on
2018-01-01,-1.9193751592550399,17.64914360002665,28.833326282241135,0.5508540981037369,-0.08674890688563341,0.5800000000000001,8.843353176657033,1.745877345483773,-0.046223614673770924,False,True,False,True,True,risk_off
2018-02-01,-1.2508626509163847,6.894111250280788,11.539712906206478,-1.899877544587103,0.4102085784233417,0.6200000000000001,3.2161040123534157,2.071279807763068,0.38361166487321896,False,True,False,True,True,risk_off
2018-03-01,-1.221882927807005,2.447825079916943,5.20029467531371,-2.0688523014830706,0.24642931738210028,0.4700000000000002,-3.051401559655631,1.7147415625712055,0.4138423930038416,False,True,False,True,True,risk_off
2018-04-01,-0.4254791437920416,0.9656470326281585,2.071850565738731,2.5300512369003547,0.0950283311863481,0.45999999999999996,-1.7472133405644685,0.6155358061647378,0.168136474877878,False,False,False,False,True,neutral
2018-05-01,0.7164063937110828,10.472553777785865,1.6008316008315981,-1.4816320722112475,0.5838006860929966,0.43000000000000016,-2.9175670029353062,0.45119497847491036,0.4212388904292448,False,False,False,True,True,neutral
2018-06-01,1.2529872626596281,1.2402445496860537,-5.730678833125946,-4.257937585920191,0.9007011406871883,0.33000000000000007,4.3732562773079575,0.5484150187147484,0.40957104075023876,False,False,True,False,True,dollar_pressure
2018-07-01,1.092070256445405,6.418781319360223,-8.853499441734735,-6.085156179674134,0.4401252715999927,0.29000000000000004,4.392484154963361,-0.2118197132454196,0.08377306777023488,False,False,True,False,True,dollar_pressure
2018-08-01,1.1635222567747425,6.217451277561659,-6.797102275968281,-5.961986114203588,0.4689315789769261,0.23999999999999977,4.29619049357477,-0.22565909882089033,0.09885363979648251,False,False,True,False,True,dollar_pressure
2018-09-01,1.0876059565524605,-5.532775684097535,1.7308358489632303,2.5054685449295677,0.3114817180748887,0.23999999999999977,4.662433049572257,-0.46464252040268306,-0.018900282252197434,False,False,True,False,False,dollar_pressure
2018-10-01,1.7979298866914617,18.492752085085694,-17.835790647008164,-11.894726332741534,1.5775570812930124,0.2799999999999998,-4.970601280053222,1.3571842758945634,1.0826916071346573,False,True,True,False,True,risk_off
2018-11-01,1.5727388997751237,6.611267417749556,-15.033094790318247,-8.096143900279618,1.0402401785490378,0.20999999999999996,-3.8830932562152864,0.507741457322952,0.6806651028452702,False,True,True,False,True,risk_off
2018-12-01,0.9390750500615297,-3.8151718095397746,-11.927263247083363,-9.441262206998758,1.3179411356115898,0.20999999999999996,-12.966871231788978,1.69680722116165,1.1952432512457256,False,True,False,False,False,risk_off
2019-01-01,0.5605011188706366,-5.329749892572922,4.302405098284567,5.692947092407308,0.23378014349357998,0.17999999999999972,-2.76553884521461,-0.09294083188347661,0.17441093889172066,False,False,False,False,False,neutral
2019-02-01,0.6656775197415187,-12.014731996001583,7.793567027329806,6.127065920945141,0.10866272080777226,0.20999999999999996,3.284187045980347,-0.44835207812597416,-0.08381732551136932,False,False,False,True,False,neutral
2019-03-01,1.2508882109206512,-7.787871114445711,9.754849583891389,6.48775027981594,0.3259335927177291,0.14000000000000012,11.945779439361925,-0.599021025485193,-0.2105553178108327,False,False,True,True,False,dollar_pressure
2019-04-01,1.4514291292992192,-2.498446350758665,3.358812698766944,-1.096003558040537,0.38699846469224297,0.23999999999999977,7.602371723169843,-0.6774321999147332,-0.08123908572246624,False,False,True,True,False,dollar_pressure
2019-05-01,1.4528613473813667,-9.55444929754532,-5.367066592388281,-4.477318661576469,0.9975140735457486,0.19000000000000017,0.3277346188882424,0.5421667997101306,0.5583345212644346,False,False,True,False,False,dollar_pressure
2019-06-01,-0.22895982382033656,-13.331458811983177,-8.164432386424082,-3.6180222564009767,-0.2840286923245068,0.25,1.5881782712088288,-0.339097560828677,-0.22410599804605874,True,False,False,False,False,risk_on
2019-07-01,2.082134928008082,-11.313273788278199,-12.985004556626444,-3.685044314727348,0.9850615701588559,0.13000000000000012,3.819944586323265,-0.11201178769037023,0.38303069696005,False,False,True,False,False,dollar_pressure
2019-08-01,2.304026739368697,-13.830427511188825,-14.7907275340879,-5.04456336587319,1.3832284534796453,0.0,1.848715133678147,0.4624301675905935,0.7032001193466931,False,True,True,False,False,risk_off
2019-09-01,2.715926707183316,-12.05595375602181,-5.478868957129823,0.5370291857331511,1.2377109466555107,0.050000000000000044,-0.096988306997281,-0.24050481387229453,0.5912170792686506,False,True,True,False,False,risk_off
2019-10-01,0.07341668628252147,-15.06413121180612,11.605992814046505,7.520577989936794,-0.4253971403117064,0.16999999999999993,4.074149357705159,-0.9242109669059343,-0.430078674961724,True,False,False,True,False,risk_on
2019-11-01,1.0147106446315555,-13.425330702026539,0.29153133169610435,3.923588817050172,0.043338300519265904,0.16999999999999993,5.447660955891731,-0.9280340435930237,-0.23052662908678828,False,False,True,False,False,dollar_pressure
2019-12-01,-1.3385903681483173,-6.9618813172908744,5.41697486662156,7.399877825290169,-0.9580194678522252,0.33999999999999986,10.665894956807499,-0.5774485675561332,-0.8178381787908167,True,False,False,False,False,risk_on
2020-01-01,-0.25577939576089725,-5.2618380581078705,-2.8561924490073665,-0.23916124081371226,0.7171134116679301,0.17999999999999994,4.486866233910947,1.6900062190967575,0.457635827373286,False,True,False,False,False,risk_off
2020-02-01,0.5137407998038589,1.6442887215201596,-2.728315229509759,-4.866301199339295,3.7930440822696623,0.2699999999999999,-5.795354293364241,7.0723473647354655,2.92544931906087,False,True,False,False,True,risk_off
2020-03-01,1.1116054173929484,-0.5585349791907501,-14.565599243345495,-19.74936540968235,1.8276980528667846,0.47,-21.07398764990024,2.5437906883406205,1.7586725537234758,False,True,True,False,False,risk_off
2020-04-01,0.7738416172656045,-26.269821075013454,-4.089550907550299,-12.584719516683574,0.8070594761267297,0.44,-12.479453863818113,0.8402773349878548,0.8205507515322996,False,False,False,False,False,neutral
2020-05-01,0.03635471302550929,-23.17902495249423,11.040577545431907,-0.520532099479476,0.1735468810235583,0.49,2.4202888122937027,0.3107390490216073,0.0651086013321375,False,False,False,True,False,neutral
2020-06-01,-0.7877676350040682,-10.812109573774876,21.596638655462197,15.61362140820355,-0.19084118642837444,0.5,16.578118512141305,0.4060852621473193,-0.4591128982493049,True,False,False,True,False,risk_on
2020-07-01,-3.105109251571926,-7.8992957215647035,19.492891689872494,15.60010689580742,-1.5821767448732402,0.44000000000000006,11.649944114646926,-0.05924423817455441,-1.0897425050746126,True,False,False,True,False,risk_on
2020-08-01,-2.672747977091824,-8.887315169531218,12.5255366002494,6.270215448714445,-1.316712646995179,0.58,9.139809215605021,0.039322683101465736,-0.8819362185000319,True,False,False,True,False,risk_on
2020-09-01,-1.4007451326138969,4.834587465838824,10.730325343359958,7.828596309197344,-0.7178655629489847,0.5599999999999999,6.692468327090895,-0.03498599328407261,-0.5306177388122738,True,False,False,True,True,risk_on
2020-10-01,-1.0612312637162733,-1.5773014995639212,-7.5766939122931865,-3.5940416810181675,-0.17394062641814878,0.74,-2.426537551278174,0.7133500108799757,0.06286187693287693,False,False,False,False,False,neutral
2020-11-01,-1.5995482123683573,2.659536875670798,0.8903665076455347,7.886640215495189,-1.140935085931169,0.6799999999999999,8.697590138707412,-0.6823219594939811,-0.8731975413700175,True,False,False,False,True,risk_on
2020-12-01,-1.7936792230197212,13.17316794070955,11.105757095982183,20.13035335039046,-1.200023045657712,0.8,8.02182783547536,-0.6063668682957027,-0.8763530772527027,True,False,False,False,True,risk_on
2021-01-01,-1.3095853056158782,10.250669687461777,10.988551351609743,23.16201117318435,-0.5559811529359816,1.0,5.835690373605895,0.19762299974391492,-0.39917996084014884,True,False,False,False,True,risk_on
2021-02-01,-1.022341622734064,10.25253780590354,0.019698826825420568,10.3058814915155,-0.597158932968513,1.2999999999999998,3.0285522396452436,-0.17197624320296195,-0.3957903028757578,True,False,False,False,True,risk_on
2021-03-01,-0.18046789672112232,14.497264404683419,-2.5698244326924136,3.140276462918723,-0.7834977420446776,1.58,5.996307673708734,-1.3865275873682328,-0.7149725112860862,True,False,False,False,True,risk_on
2021-04-01,-0.7237036335248094,43.669950440291075,1.656984556862584,0.8725802161742902,-1.0326478229901581,1.49,7.572747916265721,-1.3415920124555067,-0.8733416109586604,True,False,False,True,True,risk_on
2021-05-01,-1.1882982008780127,44.271360028147086,9.529653264313431,7.654261252906469,-1.3862581660187399,1.44,10.016349087191934,-1.584218131159467,-1.1415650765841017,True,False,False,True,True,risk_on
2021-06-01,0.4089896992180294,39.55314644170207,4.881774301949049,4.880919809369888,-0.574213046560857,1.2,4.889474489584322,-1.5574157923397434,-0.6040203595625045,True,False,False,True,True,risk_on
2021-07-01,0.33572488754443425,30.601391572788362,5.4012061739752815,0.1601401226072996,-0.2636197370244514,1.05,3.843019992812957,-0.8629643615933371,-0.33575591353171674,True,False,False,True,True,risk_on
2021-08-01,0.7115108094230002,32.99956146408003,6.083020872710176,-0.5257790297806708,-0.1834908546815343,1.1,7.183950542709616,-1.0784925187860688,-0.40615575575676616,True,False,False,True,True,risk_on
2021-09-01,2.195597584885596,17.860773411553723,-2.493852837413635,-4.634316878758204,1.3347546146423963,1.24,-1.4191339702428363,0.4739116443991963,0.7620946121271686,False,True,True,False,True,risk_off
2021-10-01,1.8540565428325686,24.290356014048765,-6.366295527457999,-9.163517166305857,0.3876625163045424,1.07,3.8061332426736483,-1.0787315102234838,-0.03616351169250548,False,False,True,False,True,dollar_pressure
2021-11-01,2.4039434222807903,31.936723913212873,-8.421611676450791,-10.930784145170701,2.2746194347937454,0.9099999999999999,1.0391571975476799,2.1452954473067,1.3794927183715182,False,True,True,False,True,risk_off
2021-12-01,1.6192752145492249,18.323061880341605,8.448444038891179,0.6146391571435261,0.49326360415709286,0.79,8.535898959511034,-0.6327480062350391,-0.04585917268860931,False,False,True,True,True,dollar_pressure
2022-01-01,1.7432515093164827,15.516078188405835,-12.93067331670823,-10.028376461049914,1.6394663567948449,0.6100000000000001,-3.6220093978442947,1.5356812042732069,1.1022435638776806,False,True,True,False,True,risk_off
2022-02-01,1.5900332220024909,21.390546803792134,-11.595962433777485,-9.77832150067519,2.187363874641403,0.3900000000000001,-6.674349145863334,2.7846945272803145,1.608627481877324,False,True,True,False,True,risk_off
2022-03-01,1.7276434388965813,17.519467889351947,-3.6488829950015234,-5.577069915392075,0.8869454100647846,0.040000000000000036,-3.527212344983266,0.04624738123298781,0.5374339363110974,False,False,True,False,True,dollar_pressure
2022-04-01,2.7879330538857263,15.181604425758465,0.20822488287350893,-2.007446568688054,2.6906793630277503,0.18999999999999995,-8.190138205300268,2.593425672169774,1.8742713456676037,False,True,True,True,True,risk_off
2022-05-01,1.7133274807309833,18.935784463348938,1.8732617739674051,1.8021659548504987,1.2659386421161591,0.3200000000000003,-3.406593557108939,0.8185498035013351,0.8204528854234701,False,True,True,True,True,risk_off
2022-06-01,2.0180485096358267,6.817604124387255,-20.250767601339415,-13.618403267676149,1.5527102206245877,0.06000000000000005,-15.660786225234846,1.087371931613349,1.3037962573948336,False,True,True,False,True,risk_off
2022-07-01,1.727455661298119,7.628805492945179,-9.115378525706275,-7.298516549379663,0.6704703498866673,-0.2200000000000002,0.16855742131065554,-0.3865149615247842,0.28270686921996924,False,False,True,False,True,dollar_pressure
2022-08-01,1.9076564294457226,6.578643432487152,-7.761586376364371,-5.86790548902385,1.166107565788207,-0.30000000000000027,-3.9061954085947814,0.42455870213069125,0.7337785058753095,False,True,True,False,True,risk_off
2022-09-01,2.057088292050142,2.129269271489931,-12.24167623421355,-8.300824041419052,1.749888214886085,-0.3899999999999997,-8.046401608829534,1.442688137722028,1.2564401648790344,False,True,True,False,True,risk_off
2022-10-01,1.5552096243633184,-6.252301992982701,-16.59209500389851,-8.382398760115993,0.8097283971766872,-0.41000000000000014,-6.076216960235669,0.06424716999005603,0.5648005188429923,False,False,True,False,False,dollar_pressure
2022-11-01,0.40730176114889044,-12.833018667383412,-6.205885756161534,3.701327025349377,-0.37771700246350126,-0.6999999999999997,1.845403278004376,-1.162735766075893,-0.38033555394134666,True,False,False,False,False,risk_on
2022-12-01,-0.17334325481244733,-11.595148406718502,-3.7846489426495378,-0.06524089978818814,-0.6114680538614777,-0.5300000000000002,5.490625297867657,-1.049592852910508,-0.5741987659912438,True,False,False,False,False,risk_on
2023-01-01,-0.6716831364724433,-14.299739450336613,3.6230058774139318,0.027635589689856133,-1.0482888418393685,-0.69,8.750804261755274,-1.4248945472062937,-0.9210263458643527,True,False,False,True,False,risk_on
2023-02-01,-0.16561585502073842,-9.914859345337401,10.229203219427973,1.2606964046650848,-0.5551220119283007,-0.8899999999999997,0.9209638525504493,-0.9446281688358629,-0.41866362338239443,True,False,False,True,False,risk_on
2023-03-01,-1.0309753479401471,-11.936561266194811,23.01796963451097,8.161242287016869,-1.2187287453706372,-0.5799999999999996,5.50001479229858,-1.4064821428011276,-0.9226750103429241,True,False,False,True,False,risk_on
2023-04-01,-1.2298989052533877,-15.956430834281676,10.704950547068947,2.5978287172041536,-1.562080581245223,-0.6000000000000001,1.4205488882227169,-1.8942622572370582,-1.0533367949828116,True,False,False,True,False,risk_on
2023-05-01,-0.43963023856655997,-13.728701445802693,5.897036652579035,6.532621770996516,-0.7917501351565468,-0.7600000000000002,6.674033902368803,-1.1438700317465336,-0.7057096691058101,True,False,False,False,False,risk_on
2023-06-01,-0.7667208085533558,-8.031614649866848,-1.3442112559228336,2.9661782598046305,-1.2587050578735688,-1.06,7.099110856669522,-1.7506893071937817,-1.0256664637527453,True,False,False,False,False,risk_on
2023-07-01,-0.8949399157574266,-14.322876809323004,11.978225758210215,4.881158219325443,-1.1713413969499382,-0.9099999999999997,11.404968670208614,-1.4477428781424497,-1.0517627749979908,True,False,False,True,False,risk_on
2023-08-01,-0.27595655064794566,-9.753626649022628,5.0570888639938305,-3.2141180390434454,-0.8380215876951495,-0.7599999999999998,4.85710861971147,-1.291070629109913,-0.6881953385250456,True,False,False,True,False,risk_on
2023-09-01,0.848582188031574,-3.8221294968909025,-5.628492560425502,-4.417603722373009,0.20005915916158906,-0.4400000000000004,-2.5210649291545706,-0.31346072212207604,0.14074900599268927,False,False,False,False,False,neutral
2023-10-01,1.8132394771189546,4.659863532011621,-19.224396185626958,-12.437537477513494,1.141674444060543,-0.1900000000000004,-6.154413316894236,0.033979248200795176,0.6744286906275598,False,True,True,False,True,risk_off
2023-11-01,-0.019104548406689032,6.986925367112939,-8.861980165470385,-0.844388473452029,-0.8243674858429246,-0.3600000000000003,1.7903188986496454,-1.4534311347985271,-0.6165956961774403,True,False,False,False,True,risk_on
2023-12-01,-1.283512263957883,5.603555767842239,8.183316271753526,10.470960226327186,-2.1789935301459633,-0.35000000000000053,10.707440597075557,-1.381646060513736,-1.318284945586549,True,False,False,False,True,risk_on
2024-01-01,-0.12913029509468027,16.85791508378818,-0.4521279908328846,2.8845361504359346,-0.6138940751449612,-0.27999999999999936,11.462150355825829,-0.5844134686658978,-0.6022719317351954,True,False,False,False,True,risk_on
2024-02-01,0.44440039277479243,5.136441396356384,3.9247564338788843,4.945092042814325,-0.7094437916617943,-0.3899999999999997,10.683326705373952,-0.8422839759386296,-0.5994650604376057,True,False,False,False,True,risk_on
2024-03-01,0.6358310782409123,2.627502391054226,3.0933703733220907,6.537811084217715,-1.708565380943641,-0.3899999999999997,12.064587488754142,-0.9348783872056411,-0.88299674447606,True,False,False,False,True,risk_on
2024-04-01,1.4946392787963738,14.15975743067246,7.02162774657602,3.1606618689597576,0.1482129737518214,-0.34999999999999964,0.8134012871896967,0.37037653541232973,0.2961422549608421,False,False,True,True,True,dollar_pressure
2024-05-01,0.4110244672323391,10.862114672350565,-4.104209240464418,-0.8767444658325352,-0.5214438743331719,-0.3799999999999999,3.11785261346591,-0.8476593217995954,-0.36884405596579717,True,False,False,False,True,risk_on
2024-06-01,1.1131997925305512,6.238272755280128,-2.3391473093414827,2.9499751623645487,-0.935417348244952,-0.34999999999999964,4.960985950061447,-1.0072564529796004,-0.4705431249913554,True,False,True,False,True,risk_on
2024-07-01,-0.33334703084822515,13.476107567708695,-7.060035178670621,1.5786598622247183,-0.036370052321200795,-0.20000000000000018,5.73689406247111,0.8827065245143888,0.02649338763049111,False,False,False,False,True,neutral
2024-08-01,-1.812833050900755,10.73182807013955,-11.223415942917281,-0.9943839151182687,-0.7612830784415987,0.0,5.365064872631109,0.027846918961116227,-0.5440897930484927,True,False,False,False,True,risk_on
2024-09-01,-1.9702456764676692,7.292415833508725,-11.02673111641721,-9.578833956882693,-0.8239424043515079,0.1499999999999999,2.2820709001921236,0.6079150437378864,-0.3573393222166671,False,False,False,False,True,neutral
2024-10-01,0.23130956558932936,3.677809723882919,-3.838389067191228,-2.373677577053812,0.2911294321681401,0.1200000000000001,6.755870162117827,2.375146328785101,0.5265858818840308,False,True,False,False,True,risk_off
2024-11-01,1.1728427461286834,3.0167837776426065,-4.019303981092282,-3.4732812426305437,-1.8945042550070355,0.04999999999999982,11.536825356585556,-0.6045761776656724,-0.7665853988167304,True,False,True,False,True,risk_on
2024-12-01,2.359318004384249,3.9962572526183626,-14.426141036184204,-7.30777532801925,0.6645958069262442,0.33000000000000007,1.757425654751632,0.4684712739159693,0.5342458793897937,False,False,True,False,True,dollar_pressure
2025-01-01,1.6917001068443696,-7.927940689565716,2.500985193942462,1.4017731624888619,0.09399833585970141,0.3600000000000003,0.9448469761273781,0.12373613618206436,0.2422749569628032,False,False,True,True,False,dollar_pressure
2025-02-01,1.1450164579675353,-1.284036535487032,18.652015119376088,7.294817375390816,0.5208630659172647,0.25,-1.6248559946054564,0.9861414193274275,0.5604995784222513,False,False,True,True,False,dollar_pressure
2025-03-01,-0.3189119865438721,4.252427230656042,-6.500562789211117,-1.5838638662462157,1.0629295327441428,0.3400000000000003,-5.177204449689521,1.4420511566600487,0.7158112852753018,False,True,False,False,True,risk_off
2025-04-01,-1.927221703546597,2.4121810802488097,-3.1175707802031605,0.7828914950231747,0.3963037368403239,0.5699999999999998,-8.457365995483956,1.0163410981204426,0.32369264568396594,False,True,False,False,True,risk_off
2025-05-01,-1.6345420861700295,-0.7033245665420074,0.9138381201044377,5.234680980542072,0.5089232447269413,0.52,2.452076900359379,-0.09469969105454085,-0.16206379486213807,False,False,False,False,False,neutral
2025-06-01,-2.012009228084283,4.438333834968167,21.46598486143707,33.91899550943891,-0.957034348175562,0.52,13.708338183873604,-0.5055817036772812,-0.9598636210705862,True,False,False,False,True,risk_on
2025-07-01,-0.8233525177459212,4.899363493203368,11.006341328921977,24.473695312829612,-0.5972837769502547,0.43000000000000016,8.47337612701451,-0.46788259636083124,-0.5810450612213743,True,False,False,False,True,risk_on
2025-08-01,-1.289828767895347,2.3809283535571213,5.580312867778314,13.665119752493737,-0.47768796217553605,0.6400000000000006,7.6645386747230315,-0.6734782111316897,-0.6406336061818007,True,False,False,False,True,risk_on
2025-09-01,-1.1108153757904415,10.516156949477029,6.532466217926003,9.28156132927429,-0.695665039656321,0.56,6.788800260946393,-0.4537018301635851,-0.5959136459524415,True,False,False,False,True,risk_on
2025-10-01,-0.4693218741416797,5.2605085949688934,10.90965079756112,28.08838800412876,-0.31430841600444626,0.5100000000000002,7.323348982051847,-0.25326164657148514,-0.383641474462989,True,False,False,False,True,risk_on
2025-11-01,-0.44827235779994323,6.56757283506646,11.491570974835085,21.959317801334954,-0.362326679131767,0.5499999999999994,5.449295962800371,-0.5292796114453082,-0.415168016439271,True,False,False,False,True,risk_on
2025-12-01,-0.639067191606296,14.39454658316257,7.645302897278317,16.006660637155857,-0.6920076600005158,0.7099999999999995,4.471420033771656,-0.756972089928565,-0.5539138372773487,True,False,False,False,True,risk_on
2026-01-01,-1.1035090709929254,32.27675091731599,29.390442956042094,28.260549341556107,-0.5198846656074677,0.7399999999999998,1.5602004942964598,-0.29903260915700663,-0.3816729649226458,True,False,False,True,True,risk_on
2026-02-01,-0.8138057488171526,30.417737204055094,28.070005905406113,50.69517684111451,0.1539481948702759,0.5900000000000003,0.5609248214265783,0.19281229252459403,-0.029058717289091054,False,False,False,False,True,neutral
2026-03-01,1.3262559440018495,47.86755004548593,10.800054747791688,9.24733879808597,1.519220680672274,0.5099999999999998,-6.4315985871813535,1.9568631599479998,1.1955929178348335,False,True,True,True,True,risk_off
2026-04-01,-0.4667871595465235,,5.7469735266728605,24.553042257136592,-0.5303131035025531,0.5200000000000005,3.506048219038327,-0.39269543916289207,-0.3767517360856349,True,False,False,False,False,risk_on
2026-05-01,0.47948762445412035,,-6.91712783739078,51.76987109816342,-1.1566513195674557,0.4700000000000002,12.46346504354927,-0.8261495182239833,-0.7473508824798265,True,False,False,False,False,risk_on
2026-06-01,0.8229655909064049,,-11.934568519445833,47.04163175581322,0.06815804484254934,,13.204109377128992,-0.6866495012213062,-0.3818548996596134,False,False,False,False,False,neutral
