date,NAV,시가,고가,저가,종가,거래량,거래대금,기초지수
2023-10-17,10145.82,10245,10245,10125,10150,245174,2491722435,931.07
2023-10-18,10372.06,10170,10375,10170,10350,853984,8821021950,951.9
2023-10-19,10214.98,10305,10305,10180,10220,361094,3684662100,937.45
2023-10-20,10187.41,10160,10210,10105,10195,269436,2739623330,934.94
2023-10-23,9969.01,10185,10185,9935,9970,439850,4403075845,914.85
2023-10-24,9950.95,10045,10045,9900,9965,471802,4698891175,913.2
2023-10-25,9993.21,9965,10010,9905,9990,240780,2402857370,917.1
2023-10-26,9867.18,9975,9985,9855,9875,264040,2616713495,905.51
2023-10-27,9766.36,9900,9980,9730,9780,303135,2983305650,896.25
2023-10-30,9555.86,9715,9715,9440,9570,309199,2955163935,876.89
2023-10-31,9592.79,9605,9665,9540,9575,188417,1811675145,880.3
2023-11-01,9665.74,9610,9670,9565,9670,284054,2736613200,887.02
2023-11-02,9547.17,9710,9800,9520,9560,325664,3142515830,876.12
2023-11-03,9695.29,9590,9695,9580,9695,249902,2411283250,889.77
2023-11-06,10062.33,9765,9990,9675,9990,383410,3734678885,923.56
2023-11-07,9794.35,9910,9910,9710,9800,318111,3106427740,898.91
2023-11-08,9732.57,9800,9800,9715,9720,318290,3103717430,893.23
2023-11-09,9814.61,9720,9840,9720,9805,274805,2693530240,900.79
2023-11-10,9837.76,9750,9850,9750,9825,296508,2910231115,902.95
2023-11-13,9864.19,9880,9880,9810,9845,28389,279571540,905.39
2023-11-14,9959.04,9875,9975,9875,9965,46013,457648875,914.13
2023-11-15,10031.59,10020,10075,9945,10030,39586,396250360,920.81
2023-11-16,10038.44,10045,10070,9965,10005,38781,388546505,921.45
2023-11-17,9991.82,10035,10035,9970,10000,38019,380004855,917.19
2023-11-20,9982.38,9940,10020,9920,9995,50461,502943655,916.33
2023-11-21,10066.8,10010,10060,9990,10050,33337,334765875,924.11
2023-11-22,10074.61,10015,10095,10000,10075,57753,579905675,924.83
2023-11-23,10106.05,10095,10145,10060,10080,32338,327108835,927.74
2023-11-24,10063.71,10140,10140,10060,10070,36705,370291295,923.87
2023-11-27,10047.97,10050,10070,10000,10030,28739,288243915,922.43
2023-11-28,10092.32,10040,10090,9980,10090,60118,603772425,926.52
2023-11-29,9988.49,10035,10050,9970,9995,62314,623694390,916.97
2023-11-30,10070.14,9980,10065,9945,10060,56530,566228025,924.5
2023-12-01,10025.57,10085,10085,10010,10030,63211,634427520,920.42
2023-12-04,10001.88,10030,10055,10005,10015,57385,575495565,918.25
2023-12-05,9993.93,10015,10015,9935,10000,64733,646198095,917.53
2023-12-06,10026.78,9995,10090,9990,10025,47459,476887880,920.56
2023-12-07,9949.49,9990,9990,9930,9955,119505,1189979070,913.45
2023-12-08,9985.98,9955,9995,9955,9985,59719,596178660,916.84
2023-12-11,9988.96,9990,10000,9950,9995,73337,731324395,917.12
2023-12-12,10077.39,10000,10065,10000,10055,57976,582225905,925.27
2023-12-13,10043.28,10070,10100,10035,10045,88674,892963410,922.14
2023-12-14,10094.06,10100,10120,10060,10100,52050,525676605,926.82
2023-12-15,10231.54,10150,10220,10120,10200,67399,686727545,939.61
2023-12-18,10126.82,10190,10190,10105,10135,85720,869217895,929.99
2023-12-19,10077.76,10095,10120,10050,10100,39873,402582470,925.48
2023-12-20,10226.94,10180,10230,10130,10225,63598,647739635,939.22
2023-12-21,10231.94,10190,10250,10165,10200,55150,562770125,939.69
2023-12-22,10200.48,10255,10255,10195,10205,49692,507598065,936.82
2023-12-26,10238.32,10230,10250,10195,10250,120005,1226799635,940.31
2023-12-27,10181.65,10250,10250,10110,10185,196636,1995436610,932.8
2023-12-28,10371.76,10190,10340,10150,10340,77636,795234405,950.34
2024-01-02,10233.19,10270,10280,10095,10230,255324,2595127655,937.6
2024-01-03,10080.84,10185,10185,10090,10095,147345,1492712860,923.59
2024-01-04,9917.18,10055,10060,9910,9930,374802,3739690525,908.55
2024-01-05,9872.37,9905,9905,9840,9885,247808,2444067800,904.45
2024-01-08,9874.48,9895,9935,9840,9885,224257,2216854915,904.65
2024-01-09,9936.92,9915,9950,9905,9950,129615,1286889310,910.41
2024-01-10,9843.73,9920,9920,9850,9860,175736,1737692955,901.84
2024-01-11,9847.96,9895,9960,9865,9865,165439,1641392485,902.24
2024-01-12,9865.8,9865,9925,9840,9845,165534,1633535990,903.9
2024-01-15,9976.51,9845,9985,9845,9940,122981,1223736165,914.09
2024-01-16,9871.39,9940,9940,9850,9885,213533,2110748580,904.44
2024-01-17,9773.54,9885,9910,9780,9785,285886,2808381315,895.44
2024-01-18,9705.58,9785,9785,9695,9740,209624,2037857255,889.2
2024-01-19,9770.6,9750,9790,9700,9780,175904,1712796875,895.21
2024-01-22,9780.54,9790,9825,9740,9800,202864,1988512195,896.13
2024-01-23,10036.61,9850,10010,9850,10005,200422,1994432910,919.7
2024-01-24,10187.48,10005,10240,10000,10165,417635,4253099960,933.59
2024-01-25,10234.16,10165,10235,10100,10225,234969,2394896730,937.89
2024-01-26,10324.66,10225,10330,10190,10295,117332,1207430655,946.24
2024-01-29,10535.66,10310,10640,10290,10585,197379,2071678810,971.27
2024-01-30,10531.89,10570,10630,10485,10540,195907,2069744550,970.93
2024-01-31,10818.12,10505,10820,10500,10815,288932,3090368295,997.27
2024-02-01,11527.0,10875,11535,10870,11505,961435,10868779190,1062.41
2024-02-02,11987.71,11670,11970,11305,11950,957960,11190030745,1104.81
2024-02-05,11763.16,11935,11940,11350,11755,631973,7352892455,1084.2
2024-02-06,11604.81,11665,11865,11530,11570,537874,6294988130,1069.6
2024-02-07,11815.86,11485,11880,11415,11825,617677,7238147715,1089.01
2024-02-08,12108.18,11825,12095,11775,12095,251709,3017321860,1116.21
2024-02-13,12089.39,12175,12350,11945,12065,367992,4487144720,1114.34
2024-02-14,11740.95,11975,11975,11680,11710,243666,2877532410,1082.12
2024-02-15,11639.01,11690,11775,11630,11665,147191,1719609860,1072.73
2024-02-16,12070.23,11730,12070,11655,12070,261199,3111953055,1112.49
2024-02-19,12398.55,12210,12445,12130,12380,514362,6347107335,1142.74
2024-02-20,12047.73,12480,12480,11890,12060,266882,3228348835,1110.46
2024-02-21,12031.97,12040,12160,11825,12040,177367,2121686335,1108.96
2024-02-22,12080.52,12070,12135,11840,12090,414067,4969575875,1111.49
2024-02-23,12302.32,12135,12400,12105,12320,1279789,15729816755,1132.02
2024-02-26,11850.24,12070,12080,11410,11865,3200906,37658741390,1090.35
2024-02-27,11888.05,11840,12060,11760,11905,334719,4001362145,1094.17
2024-02-28,12161.53,11880,12145,11810,12145,195350,2334210495,1099.65
2024-02-29,12315.49,12145,12375,12130,12325,870958,10736715540,1113.9
2024-03-04,12710.17,12400,12755,12250,12720,372849,4681311880,1150.23
2024-03-05,12678.58,12725,13050,12655,12670,355099,4556402525,1147.29
2024-03-06,12718.79,12670,12785,12570,12690,3307924,41920541460,1150.98
2024-03-07,12854.06,12655,12885,12625,12855,414280,5302450755,1163.48
2024-03-08,12849.32,12870,12915,12775,12835,285386,3667042845,1163.09
2024-03-11,12804.8,12770,12830,12625,12795,194539,2477697795,1159.05
2024-03-12,12855.79,12805,13050,12710,12865,194391,2508010810,1163.65
2024-03-13,13216.96,12950,13310,12870,13225,245985,3243549905,1196.92
2024-03-14,13781.61,13235,13755,13185,13755,265490,3592518765,1248.87
2024-03-15,13450.69,13640,13745,13470,13485,550058,7454489400,1218.52
2024-03-18,13252.72,13405,13410,12920,13270,1310169,17287920705,1200.3
2024-03-19,12994.5,13120,13175,12985,12985,264177,3452953285,1176.57
2024-03-20,13166.75,13120,13465,13120,13180,189123,2512102470,1192.42
2024-03-21,13629.47,13255,13660,13255,13620,314864,4242279055,1235.05
2024-03-22,13563.8,13485,13690,13435,13575,2342058,31835667500,1228.97
2024-03-25,13407.72,13550,13640,13280,13425,993583,13297101330,1214.64
2024-03-26,13320.15,13360,13620,13320,13375,1209449,16193334195,1203.68
2024-03-27,12776.6,13460,13460,12820,12855,679919,8828758150,1159.3
2024-03-28,12915.86,12855,13020,12845,12920,414092,5347148320,1153.54
2024-03-29,12664.42,12995,12995,12630,12690,643841,8187004835,1130.44
2024-04-01,12483.46,12690,12710,12375,12495,1343090,16738425570,1113.79
2024-04-02,12461.6,12360,12555,12280,12470,333521,4151575265,1111.79
2024-04-03,12270.28,12445,12445,12270,12275,1001578,12333607920,1094.18
2024-04-04,12530.28,12250,12650,12250,12540,306073,3825162620,1118.1
2024-04-05,12441.88,12405,12580,12400,12445,181932,2270066200,1110.02
2024-04-08,12589.67,12445,12725,12445,12595,297743,3756478385,1123.59
2024-04-09,12449.28,12660,12715,12420,12460,205860,2583841990,1110.75
2024-04-11,12260.1,11950,12375,11900,12280,315837,3836375280,1093.37
2024-04-12,11891.73,12165,12170,11835,11865,1505842,17950174765,1059.51
2024-04-15,11948.14,11840,11970,11630,11935,410259,4840604510,1064.69
2024-04-16,11748.32,11870,11910,11625,11760,340407,4004540085,1046.31
2024-04-17,11607.48,11760,11810,11600,11600,427386,4991594560,1033.36
2024-04-18,11841.0,11650,11900,11635,11825,249042,2941710945,1054.86
2024-04-19,11779.04,11680,11790,11590,11790,395316,4617783800,1049.19
2024-04-22,12484.73,12125,12500,12125,12450,696856,8596969360,1114.14
2024-04-23,12603.65,12485,12790,12480,12575,519502,6581252740,1124.94
2024-04-24,12442.55,12620,12760,12430,12450,243555,3072894985,1110.1
2024-04-25,12474.53,12320,12625,12305,12485,256052,3193499010,1113.05
2024-04-26,13001.6,12605,13160,12605,13040,470457,6113135670,1166.63
2024-04-29,13027.07,12975,13125,12840,13035,248133,3229545650,1168.59
2024-04-30,12934.91,13010,13055,12835,12945,244086,3163024745,1160.15
2024-05-02,12620.91,12785,12830,12575,12600,256426,3252463115,1131.24
2024-05-03,12751.81,12710,12865,12710,12750,282846,3615514435,1143.32
2024-05-07,12824.99,12820,12935,12685,12815,401461,5140029505,1150.07
2024-05-08,13158.12,12840,13190,12840,13150,312252,4078840370,1180.73
2024-05-09,13003.95,13130,13200,12970,13000,329686,4303528215,1166.56
2024-05-10,13321.14,13155,13470,13135,13290,3894784,51837591750,1195.78
2024-05-13,13475.45,13435,13675,13330,13460,2069936,27919488700,1209.99
2024-05-14,13258.31,13410,13410,13225,13250,504084,6698823070,1190.03
2024-05-16,13580.84,13275,13685,13275,13560,347675,4717277365,1219.72
2024-05-17,13431.83,13495,13520,13380,13420,445672,5990500220,1206.04
2024-05-20,13660.39,13495,13830,13495,13665,533955,7301890520,1227.07
2024-05-21,13630.23,13535,13685,13510,13620,225563,3068028900,1224.31
2024-05-22,13348.06,13625,13625,13350,13355,398047,5346940340,1198.35
2024-05-23,13169.8,13215,13280,13085,13180,1466844,19345891005,1181.96
2024-05-24,13095.84,13005,13135,12920,13090,267537,3485407470,1175.18
2024-05-27,13091.04,13090,13260,13015,13090,376306,4940094310,1174.75
2024-05-28,13059.76,13010,13105,12980,13060,236743,3085521810,1171.88
2024-05-29,13015.22,12895,13165,12895,13085,295755,3860214525,1173.41
2024-05-30,12940.52,12950,13105,12935,12945,178480,2319681930,1166.54
2024-05-31,13187.7,13075,13275,13075,13145,872221,11507826225,1189.31
2024-06-03,13209.73,13235,13285,13120,13185,167368,2208601595,1191.35
2024-06-04,12897.18,13130,13160,12795,12895,483558,6252402970,1162.6
2024-06-05,12843.43,12890,12910,12690,12850,415532,5321062740,1157.68
2024-06-07,13077.11,12970,13225,12900,13050,348758,4557296345,1179.21
2024-06-10,12894.0,12885,13015,12800,12900,430632,5550423690,1162.37
2024-06-11,12860.99,12955,13010,12850,12850,261077,3373853985,1159.34
2024-06-12,12993.3,12785,12975,12770,12975,195905,2523253800,1171.52
2024-06-13,12908.9,13020,13190,12920,12920,483680,6318652800,1163.77
2024-06-14,12903.44,12865,12980,12825,12920,213703,2758135065,1164.02
2024-06-17,12767.26,12845,12915,12710,12760,231809,2962051080,1151.51
2024-06-18,12762.05,12825,12830,12685,12760,208029,2651056705,1150.97
2024-06-19,12930.4,12805,12935,12755,12925,325346,4187183080,1166.48
2024-06-20,13183.72,12920,13185,12885,13165,304592,3979016700,1189.81
2024-06-21,13117.49,13175,13205,13040,13135,226435,2967812905,1183.71
2024-06-24,13183.87,13120,13220,13055,13190,255652,3358229300,1189.82
2024-06-25,13228.15,13275,13300,13170,13240,196854,2603773830,1193.88
2024-06-26,13156.35,13100,13225,12995,13195,334212,4391785410,1192.91
2024-06-27,13215.7,13050,13200,12960,13200,285179,3736295445,1189.3
2024-06-28,13426.86,13290,13410,13265,13400,396883,5301456375,1208.69
2024-07-01,13299.01,13385,13405,13240,13275,153372,2039684970,1197.0
2024-07-02,13589.57,13225,13665,13155,13585,536388,7238137215,1223.82
2024-07-03,13791.06,13655,14160,13615,13795,2403126,33449596180,1242.39
2024-07-04,14055.73,13740,14185,13710,14015,842299,11775235935,1266.74
2024-07-05,14214.1,14145,14390,14100,14225,677781,9651038525,1281.37
2024-07-08,13916.09,14120,14120,13860,13925,584402,8169280895,1253.96
2024-07-09,13727.59,13910,13925,13540,13725,604720,8266209835,1236.61
2024-07-10,13672.61,13700,13755,13600,13685,1253823,17149696320,1231.53
2024-07-11,13853.41,13780,13940,13750,13860,369361,5117366605,1248.18
2024-07-12,13901.96,13885,14005,13745,13870,466656,6479200700,1252.71
2024-07-15,13747.57,13875,13900,13705,13770,1310141,18034280460,1238.52
2024-07-16,13763.85,13770,13895,13720,13765,321457,4439535625,1239.99
2024-07-17,13811.98,13765,13850,13655,13825,416718,5723487165,1244.42
2024-07-18,13885.89,13805,13875,13670,13875,350518,4830768330,1251.2
2024-07-19,13867.26,13760,13830,13665,13830,296813,4078090470,1249.55
2024-07-22,14033.98,13835,14080,13820,14035,514732,7164892965,1264.92
2024-07-23,14040.15,14100,14235,13990,14040,597317,8429487890,1265.53
2024-07-24,13841.56,14020,14170,13800,13850,613200,8546546085,1247.2
2024-07-25,13685.61,13730,13885,13670,13700,369308,5078868240,1232.89
2024-07-26,14365.78,13795,14360,13760,14340,3688729,52113212715,1295.45
2024-07-29,14582.77,14350,15010,14310,14630,3366039,49465924615,1321.04
2024-07-30,14354.51,14345,14485,14220,14345,787815,11325597105,1300.13
2024-07-31,14440.29,14345,14525,14270,14425,634263,9138173040,1307.99
2024-08-01,14485.38,14270,14590,14270,14480,426042,6150611795,1312.96
2024-08-02,13908.97,14270,14295,13790,13890,755781,10569416235,1259.94
2024-08-05,12897.8,13405,13465,12330,12695,3179125,41041150155,1166.93
2024-08-06,13110.04,13290,13540,13015,13115,2041725,27038462985,1186.5
2024-08-07,13379.53,13010,13520,12910,13340,529660,7016884665,1211.33
2024-08-08,13493.26,13285,13575,13240,13450,538695,7219962105,1221.79
2024-08-09,13568.59,13455,13670,13365,13575,527488,7139976685,1228.74
2024-08-12,13623.22,13590,13705,13525,13585,213880,2908957370,1233.78
2024-08-13,13866.5,13530,13890,13530,13830,353890,4865071975,1256.17
2024-08-14,13827.78,13920,13965,13740,13835,344488,4766427035,1250.92
2024-08-16,13843.25,13925,14090,13840,13845,400508,5593979460,1252.34
2024-08-19,14259.1,13845,14340,13845,14215,509570,7217359850,1290.6
2024-08-20,14624.11,14270,14630,14270,14600,326529,4731487335,1324.19
2024-08-21,14606.43,14580,14665,14490,14585,396504,5774060490,1322.53
2024-08-22,14653.59,14560,14615,14410,14615,236359,3435405810,1326.87
2024-08-23,14728.14,14640,14765,14505,14720,339628,4963774720,1333.78
2024-08-26,14933.53,14720,15025,14650,14925,759344,11272828145,1352.72
2024-08-27,14660.14,14935,14970,14550,14630,455343,6688593735,1327.58
2024-08-28,14239.49,14610,14625,14190,14290,565938,8102633030,1294.49
2024-08-29,14240.21,14270,14410,14100,14245,384525,5495497875,1294.59
2024-08-30,14122.58,14275,14315,14130,14130,326805,4637096505,1283.79
2024-09-02,14304.8,14125,14335,13975,14305,411367,5832628060,1300.57
2024-09-03,14408.77,14340,14520,14300,14390,431531,6216684350,1310.14
2024-09-04,14098.03,14245,14280,14045,14100,583701,8273549820,1281.52
2024-09-05,14168.68,14190,14250,14050,14155,419919,5939340920,1288.04
2024-09-06,14124.86,14155,14170,13980,14135,264508,3729656850,1284.03
2024-09-09,13917.52,13930,13975,13715,13920,550314,7614363025,1264.95
2024-09-10,14012.06,13900,14200,13780,13980,398055,5555056880,1273.65
2024-09-11,13341.16,13985,14005,13250,13345,988753,13281930060,1211.9
2024-09-12,13543.5,13350,13500,13305,13500,446333,5977764565,1230.49
2024-09-13,13961.28,13620,13925,13615,13925,418620,5780107810,1269.02
2024-09-19,14182.26,14100,14230,13980,14145,355076,5009906545,1289.34
2024-09-20,14126.77,14215,14265,14075,14130,235529,3332042265,1284.29
2024-09-23,14086.58,14200,14235,13965,14080,287284,4040614475,1280.66
2024-09-24,14046.0,14130,14185,13875,14005,391893,5487041165,1276.82
2024-09-25,13544.02,14005,14090,13530,13550,558348,7669139940,1230.62
2024-09-26,14005.78,13625,14020,13625,14020,383135,5319930500,1278.73
2024-09-27,14051.03,14075,14280,14055,14060,522291,7413197860,1274.75
2024-09-30,13772.71,14170,14250,13780,13780,283556,3954546885,1249.13
2024-10-02,13766.14,13725,13910,13530,13775,254447,3506476260,1248.57
2024-10-04,13844.9,13805,13840,13650,13825,147766,2035446865,1255.84
2024-10-07,14149.43,13870,14150,13825,14095,238831,3345927885,1283.95
2024-10-08,14139.38,14030,14130,13930,14095,200707,2821081685,1283.1
2024-10-10,14225.87,14190,14295,14100,14205,260689,3706150090,1291.08
2024-10-11,14320.94,14250,14360,14210,14295,190580,2721370455,1299.85
2024-10-14,14765.81,14295,14945,14295,14725,606076,8916010285,1340.88
2024-10-15,14743.86,14730,14825,14575,14740,199384,2931358135,1338.85
2024-10-16,14755.03,14515,14855,14515,14760,208576,3062662475,1339.92
2024-10-17,14747.84,14870,14910,14705,14750,181386,2680128575,1339.2
2024-10-18,14780.79,14750,14815,14670,14780,201004,2964051660,1342.28
2024-10-21,14684.21,14785,14855,14665,14690,189007,2782591395,1333.37
2024-10-22,14783.23,14640,14745,14520,14740,127498,1866629630,1342.47
2024-10-23,14741.93,14755,14950,14695,14750,218940,3246779810,1338.7
2024-10-24,14704.96,14750,14810,14620,14665,124075,1822602530,1335.24
2024-10-25,15244.81,14760,15435,14760,15250,1172690,17890951550,1385.1
2024-10-28,14835.38,15155,15155,14700,14855,567009,8428229235,1347.41
2024-10-29,14774.08,14835,14965,14755,14835,292312,4348603330,1348.48
2024-10-30,14461.5,14690,14690,14400,14465,462453,6696059030,1319.69
2024-10-31,14022.9,14415,14415,14060,14060,571021,8105416090,1279.29
2024-11-01,14341.58,14010,14360,14010,14340,238251,3394942920,1308.64
2024-11-04,14283.79,14290,14320,14120,14245,245973,3498553160,1303.3
2024-11-05,14325.4,14185,14315,14115,14315,721513,10290082090,1307.13
2024-11-06,14665.64,14350,14705,14215,14650,441265,6389961605,1338.47
2024-11-07,14631.97,14705,14735,14550,14615,291261,4262051285,1335.37
2024-11-08,14597.41,14615,14635,14475,14605,311847,4539831970,1332.21
2024-11-11,14570.07,14540,14620,14410,14560,249898,3626501580,1329.73
2024-11-12,14489.77,14550,14770,14445,14490,324736,4735827825,1322.36
2024-11-13,14361.47,14445,14485,14305,14365,213163,3062354760,1310.53
2024-11-14,14249.66,14440,14470,14255,14260,165818,2376922740,1300.25
2024-11-15,14128.51,14280,14400,14100,14130,265082,3759777990,1289.1
2024-11-18,14401.97,14105,14425,14100,14355,355676,5091108750,1314.3
2024-11-19,14401.77,14355,14450,14325,14400,159054,2289339430,1314.27
2024-11-20,14770.03,14400,14765,14400,14730,286050,4200531950,1348.22
2024-11-21,14874.4,14770,14950,14640,14875,271145,4027147165,1357.87
2024-11-22,14983.66,14910,15070,14910,14945,201920,3024483815,1368.01
2024-11-25,14975.97,14950,15045,14900,15000,193017,2894282750,1367.32
2024-11-26,14787.44,14810,14845,14685,14795,215898,3188030515,1349.94
2024-11-27,15056.08,14810,15180,14810,15120,343190,5181070865,1381.42
2024-11-28,15069.62,15045,15105,14870,15045,155562,2334977005,1382.59
2024-11-29,14905.94,14990,14990,14790,14920,214237,3192064835,1367.54
2024-12-02,15058.52,14955,15110,14935,15060,262513,3945656270,1381.61
2024-12-03,15665.39,15165,15640,15165,15630,719366,11103539745,1437.55
2024-12-04,14961.75,15340,15375,14795,14970,2339528,35047292130,1372.7
2024-12-05,14213.97,14755,14765,14195,14225,2343635,33556103545,1303.79
2024-12-06,14334.1,14220,14560,14110,14340,2359214,33812956075,1314.86
2024-12-09,13814.27,14005,14120,13785,13815,1968726,27310209310,1267.08
2024-12-10,13871.18,13900,13955,13820,13875,716741,9953479560,1272.3
2024-12-11,14129.07,13880,14160,13860,14130,869831,12217987960,1296.06
2024-12-12,14253.7,14200,14380,14170,14255,613604,8744023300,1307.58
2024-12-13,14121.1,14190,14230,14080,14125,420246,5939455565,1294.73
2024-12-16,13966.57,14145,14270,13925,13970,562962,7923964425,1280.52
2024-12-17,13738.19,13920,13990,13645,13715,670166,9253326985,1259.44
2024-12-18,14028.6,13715,14035,13715,14035,344999,4802930385,1286.19
2024-12-19,13856.84,13720,13975,13710,13870,356746,4939115145,1270.42
2024-12-20,13659.38,13765,13770,13570,13660,395383,5398323685,1252.23
2024-12-23,13958.81,13750,13955,13695,13925,538709,7458903955,1279.73
2024-12-24,13993.75,13950,13975,13860,13965,259256,3609360080,1282.98
2024-12-26,13810.94,13975,13975,13805,13860,382329,5309272295,1272.94
2024-12-27,13640.39,13790,13800,13560,13645,408328,5566241350,1257.19
2024-12-30,13473.84,13635,13765,13495,13495,430665,5868158400,1241.94
2025-01-02,13469.64,13510,13700,13450,13475,498315,6766345600,1241.68
2025-01-03,13494.24,13530,13650,13490,13500,430084,5839607520,1243.93
2025-01-06,13667.17,13545,13650,13440,13640,800296,10857628285,1259.92
2025-01-07,13644.82,13685,13775,13625,13650,339224,4642903285,1257.85
2025-01-08,13649.53,13655,13765,13565,13670,1689608,23121809195,1258.21
2025-01-09,13742.06,13625,13845,13625,13765,346849,4771908465,1266.81
2025-01-10,13849.54,13705,13905,13665,13850,719807,9930690195,1276.75
2025-01-13,13961.28,13835,14035,13815,13930,320651,4461124035,1287.05
2025-01-14,13879.34,13950,13980,13810,13880,259984,3607324785,1279.48
2025-01-15,14004.24,13915,14130,13910,14010,378569,5303446335,1291.09
2025-01-16,14091.19,14105,14115,14030,14060,277678,3909337145,1299.11
2025-01-17,13931.63,14060,14155,13870,13935,317116,4430538675,1284.43
2025-01-20,13974.52,13940,14090,13910,13980,270070,3780251795,1288.48
2025-01-21,14062.64,14010,14115,13955,14065,324303,4560548470,1296.68
2025-01-22,14162.82,14140,14210,14090,14165,387173,5484055250,1305.94
2025-01-23,14089.48,14195,14355,14165,14175,278740,3980387180,1305.97
2025-01-24,14084.09,14130,14135,14015,14095,336733,4738938550,1305.63
2025-01-31,14514.78,14210,14480,14210,14480,567531,8142315615,1345.18
2025-02-03,14211.57,14350,14400,14110,14215,473243,6719355310,1317.17
2025-02-04,14393.44,14285,14425,14250,14395,511065,7320889640,1333.9
2025-02-05,14375.34,14485,14590,14340,14390,584629,8457944295,1332.21
2025-02-06,14185.94,14340,14340,14085,14170,702740,9957154835,1314.77
2025-02-07,14117.28,14190,14245,14080,14120,392083,5542876320,1308.61
2025-02-10,14156.95,14120,14290,14120,14150,616088,8767693145,1312.27
2025-02-11,14063.8,14210,14220,13990,14070,612548,8626423230,1303.7
2025-02-12,14096.93,14065,14215,14065,14110,365542,5174673480,1306.77
2025-02-13,14032.84,14100,14150,14005,14020,984856,13842546160,1300.86
2025-02-14,14140.42,14000,14175,13935,14140,441956,6217355480,1310.83
2025-02-17,14294.75,14130,14270,14065,14270,415956,5901432500,1325.08
2025-02-18,14347.37,14265,14360,14210,14345,546433,7816844375,1329.95
2025-02-19,14393.83,14335,14510,14300,14400,597073,8622804795,1334.24
2025-02-20,14388.43,14395,14420,14320,14370,499068,7176590710,1331.67
2025-02-21,14325.59,14385,14445,14320,14335,399207,5742067900,1325.91
2025-02-24,14338.23,14320,14335,14210,14305,814207,11616936705,1327.08
2025-02-25,14181.21,14225,14300,14180,14195,595234,8473560945,1312.6
2025-02-26,14224.24,14190,14330,14180,14310,544337,7762634900,1323.31
2025-02-27,14354.61,14310,14335,14150,14335,355987,5068576965,1311.19
2025-02-28,13985.92,14260,14285,14000,14000,695174,9798834110,1277.23
2025-03-04,13896.21,13990,14130,13880,13915,701854,9798346219,1268.97
2025-03-05,13658.14,13910,14050,13625,13680,581100,7985316104,1247.02
2025-03-06,13907.26,13770,13885,13705,13880,375665,5192416348,1270.03
2025-03-07,13682.84,13880,13880,13680,13710,405028,5574978004,1249.35
2025-03-10,13850.78,13700,13865,13595,13845,378352,5206297221,1264.87
2025-03-11,13725.57,13700,13790,13655,13745,447721,6139548775,1253.33
2025-03-12,13850.77,13740,13870,13730,13855,301382,4163184052,1264.91
2025-03-13,13936.0,13875,14020,13850,13900,309997,4327210878,1272.8
2025-03-14,13860.5,13800,13980,13770,13885,488877,6792892487,1265.86
2025-03-17,14106.01,13940,14070,13930,14070,357540,4999816729,1288.53
2025-03-18,14164.45,14100,14270,14100,14175,593063,8430288353,1293.94
2025-03-19,14309.04,14200,14305,14175,14290,362763,5173841932,1307.31
2025-03-20,14349.35,14300,14395,14300,14360,371682,5335123000,1311.04
2025-03-21,14323.23,14240,14410,14180,14325,819675,11746282418,1308.67
2025-03-24,14414.61,14325,14420,14255,14410,471081,6770104638,1317.12
2025-03-25,14430.05,14385,14430,14285,14395,1316741,18919949132,1315.23
2025-03-26,14279.68,14415,14445,14270,14295,447252,6411318772,1301.37
2025-03-27,14089.66,14260,14260,14130,14170,355498,5043384592,1285.99
2025-03-28,14024.02,14165,14195,13950,14000,1386558,19533085657,1265.73
2025-03-31,13866.48,13920,13925,13735,13860,706651,9785835211,1251.21
2025-04-01,14148.16,13890,14145,13890,14140,733391,10325748039,1277.21
2025-04-02,14168.56,14140,14200,14045,14140,256031,3620489626,1279.1
2025-04-03,13845.59,13840,13955,13700,13840,954240,13163628734,1249.3
2025-04-04,13760.05,13745,13840,13650,13745,1002498,13763039181,1241.45
2025-04-07,13094.56,13325,13325,13025,13120,1415186,18575808112,1180.02
2025-04-08,12880.62,13185,13200,12855,12885,1014696,13159663040,1160.27
2025-04-09,12741.58,12770,12780,12555,12735,970630,12320987571,1147.43
2025-04-10,13410.78,13205,13375,13125,13375,636502,8425014942,1209.25
2025-04-11,13310.98,13065,13330,13065,13310,549616,7268575560,1200.08
2025-04-14,13441.52,13350,13510,13320,13430,454803,6122022570,1212.14
2025-04-15,13717.82,13430,13725,13430,13675,446202,6089710469,1237.68
2025-04-16,13836.93,13720,13810,13695,13800,517695,7118091179,1248.68
2025-04-17,13819.52,13820,13855,13730,13820,359406,4955324972,1247.08
2025-04-18,14015.46,13850,14020,13790,13985,430392,6005136230,1265.21
2025-04-21,14180.76,13985,14150,13985,14135,549706,7739184856,1280.49
2025-04-22,14233.01,14120,14250,14080,14205,618810,8784297367,1285.33
2025-04-23,14340.35,14325,14360,14260,14295,526568,7529084144,1295.26
2025-04-24,14380.74,14300,14350,14250,14340,744265,10662022139,1298.99
2025-04-25,14482.14,14370,14570,14370,14435,789967,11452395354,1308.39
2025-04-28,14299.02,14430,14470,14295,14355,488181,7029068274,1297.78
2025-04-29,14574.48,14345,14600,14300,14540,681360,9882583781,1323.24
2025-04-30,14872.13,14560,14855,14560,14855,795900,11701582501,1348.55
2025-05-02,14935.32,14740,14940,14660,14905,750541,11135071976,1354.44
2025-05-07,15006.13,15130,15190,14975,15005,741105,11157449369,1360.98
2025-05-08,14962.02,14965,15035,14930,14930,477518,7151339179,1353.77
2025-05-09,14940.95,14930,14945,14825,14910,577335,8590614066,1345.97
2025-05-12,15125.35,15000,15110,14930,15070,368760,5549717122,1363.01
2025-05-13,15144.05,15240,15450,15010,15100,409821,6175573496,1364.75
2025-05-14,15226.64,15105,15275,15105,15215,377516,5736532748,1372.38
2025-05-15,15264.31,15130,15315,15070,15240,405679,6189243286,1375.89
2025-05-16,15271.18,15240,15310,15190,15260,284112,4331798136,1376.56
2025-05-19,15248.57,15200,15370,15190,15235,578654,8840216816,1374.48
2025-05-20,15441.94,15285,15445,15285,15410,402333,6192958488,1392.34
2025-05-21,15487.67,15415,15520,15415,15460,413944,6401574643,1396.58
2025-05-22,15379.26,15425,15490,15330,15375,286982,4421291045,1386.58
2025-05-23,15609.3,15395,15640,15380,15595,450122,7000537151,1407.85
2025-05-26,15937.6,15660,15860,15635,15860,455110,7176875625,1438.16
2025-05-27,15918.56,15830,15935,15790,15930,668266,10608344279,1436.42
2025-05-28,15853.06,16280,16280,15855,15915,615630,9811651912,1436.66
2025-05-29,16282.55,15920,16280,15870,16250,695146,11200731108,1476.31
2025-05-30,16376.33,16280,16500,16250,16350,825504,13473851264,1485.0
2025-06-02,15886.11,16285,16390,15710,15895,1139165,18225188515,1439.77
2025-06-04,16842.16,16035,16800,16035,16800,1149210,18986530203,1528.04
2025-06-05,16798.61,16745,16960,16630,16770,1125854,18897146433,1524.08
2025-06-09,17270.48,16935,17365,16935,17260,1983707,34186726728,1567.66
2025-06-10,17349.92,17335,17685,17150,17360,2033076,35370182966,1575.0
2025-06-11,17239.55,17350,17360,17025,17245,2567142,44180745323,1564.84
2025-06-12,17260.22,17105,17320,17065,17230,2058432,35447511138,1566.77
2025-06-13,17273.05,17240,17335,17030,17300,992833,17103903941,1569.0
2025-06-16,17613.53,17315,17620,17115,17620,941416,16273754732,1600.31
2025-06-17,17602.6,17515,17925,17435,17615,1912937,33884530006,1599.33
2025-06-18,17404.17,17430,17635,17280,17420,1675710,29302713496,1581.01
2025-06-19,17430.65,17445,17575,17245,17415,989822,17179624786,1583.47
2025-06-20,17549.41,17415,17655,17405,17525,842959,14764414390,1594.48
2025-06-23,17621.16,17365,17680,17310,17650,803459,14085339166,1601.13
2025-06-24,18156.22,17785,18280,17785,18160,1348083,24370908837,1650.58
2025-06-25,18302.77,18250,18325,17975,18310,1450792,26375877012,1664.14
2025-06-26,18099.18,18345,18445,17945,18170,1094627,19867441171,1651.63
2025-06-27,18138.93,18120,18385,18045,18140,1575518,28695275167,1655.35
2025-06-30,18242.89,18035,18325,17905,18240,1229493,22342482847,1664.97
2025-07-01,18476.22,18305,18780,18305,18515,2203477,41044136144,1686.54
2025-07-02,18475.78,18510,18590,18180,18475,1685591,30992647547,1686.52
2025-07-03,18859.09,18520,18870,18480,18870,1171276,21911199119,1721.96
2025-07-04,18605.84,18920,19030,18560,18590,1568986,29524517398,1698.6
2025-07-07,18999.32,18625,19025,18535,19000,1657842,31356679433,1734.97
2025-07-08,20326.13,19045,20330,19035,20305,3239228,64707589108,1857.6
2025-07-09,20171.61,20310,20390,20040,20205,2365915,47878972317,1843.33
2025-07-10,20256.85,20145,20310,19950,20295,2307444,46480560402,1851.22
2025-07-11,20488.62,20280,20560,20190,20485,1791027,36563474376,1872.69
2025-07-14,21154.71,20560,21185,20555,21170,2284577,47923802240,1934.24
2025-07-15,21099.37,21175,21195,20855,21150,2473080,51936216447,1929.15
2025-07-16,20189.68,20960,20980,20145,20205,3984684,81434453874,1845.1
2025-07-17,20380.2,20250,20420,20050,20420,2413820,48854033400,1862.72
2025-07-18,20080.2,20420,20465,19885,20095,2122182,42657516653,1835.05
2025-07-21,20074.79,19875,20140,19865,20075,1467365,29382115257,1834.57
2025-07-22,20016.47,20080,20285,19910,20050,1674142,33625542525,1829.2
2025-07-23,19994.13,20130,20295,19840,19990,1505431,30098147709,1827.16
2025-07-24,20133.06,20045,20465,20035,20090,1166794,23588826148,1840.02
2025-07-25,20210.12,20090,20710,20040,20250,2422730,49118287000,1847.19
2025-07-28,19091.01,20050,20050,18990,19050,3161569,60992437825,1743.79
2025-07-29,19269.64,18945,19395,18860,19350,2086605,40077245499,1766.6
2025-07-30,19437.73,19285,19465,19165,19415,1220725,23641174298,1782.14
2025-07-31,19276.12,19315,19410,19075,19250,1309576,25191440497,1764.95
2025-08-01,18440.27,18960,18970,18387,18395,2747655,51160184636,1687.76
2025-08-04,18696.4,18390,18770,18385,18760,1143612,21276761029,1711.44
2025-08-05,19193.37,19050,19285,18950,19170,1882151,36013807311,1757.38
2025-08-06,19405.86,19170,19365,19075,19360,1162271,22389668588,1777.03
2025-08-07,19517.02,19370,19480,19265,19460,1300472,25193317187,1784.33
2025-08-08,19442.08,19460,19485,19250,19380,651818,12628572977,1772.65
2025-08-11,19360.09,19380,19435,19210,19340,801599,15511189625,1765.09
2025-08-12,19522.26,19355,19815,19345,19485,1936197,37992655382,1780.09
2025-08-13,19567.95,19540,19745,19455,19515,899247,17616958010,1784.33
2025-08-14,19597.16,19600,19850,19555,19590,990407,19541159923,1786.06
2025-08-18,19118.65,19505,19505,19055,19130,1208273,23136631141,1741.85
2025-08-19,19195.11,19215,19270,19010,19130,1079233,20607169235,1748.93
2025-08-20,19196.8,19210,19305,18780,19180,1382684,26244798242,1749.1
2025-08-21,19275.34,19210,19370,19180,19260,528808,10195554402,1756.36
2025-08-22,19194.36,19270,19505,19180,19210,365369,7057169962,1748.92
2025-08-25,19311.03,19235,19395,19195,19250,551893,10652903940,1759.72
2025-08-26,19060.42,19255,19260,19060,19100,396439,7581075245,1736.57
2025-08-27,19137.22,19120,19230,19045,19140,390618,7490635525,1750.16
2025-08-28,19267.0,19130,19445,19010,19315,491182,9482311103,1762.16
2025-08-29,19082.58,19285,19330,19090,19110,562536,10788600086,1745.16
2025-09-01,18970.64,19130,19160,18905,18950,648359,12342656252,1734.83
2025-09-02,19224.03,18970,19190,18905,19185,426995,8136609925,1758.25
2025-09-03,19271.32,19185,19295,19130,19240,393739,7557558504,1762.64
2025-09-04,19036.62,19165,19180,18920,19015,527713,10028116304,1740.96
2025-09-05,19043.84,19015,19105,18950,19040,727700,13840929306,1741.68
2025-09-08,19016.31,19020,19030,18845,19000,450891,8539631781,1739.15
2025-09-09,19403.16,19055,19370,19017,19355,1101555,21224918085,1774.9
2025-09-10,20137.64,19495,20255,19370,20095,2119650,42391818794,1842.79
2025-09-11,20137.79,20190,20230,19875,20080,796355,15950693222,1842.82
2025-09-12,20307.86,20300,20385,20115,20290,1020283,20655223262,1858.59
2025-09-15,20567.09,20255,20680,20195,20550,2118074,43442548752,1882.56
2025-09-16,20538.53,20625,20705,20465,20525,1205708,24822288819,1879.94
2025-09-17,20275.25,20480,20500,20195,20245,505930,10264586932,1855.63
2025-09-18,20233.38,20245,20300,20000,20300,478044,9615063181,1851.78
2025-09-19,20304.94,20155,20310,20085,20285,699078,14138666392,1858.45
2025-09-22,20243.98,20285,20442,20215,20220,743677,15096169419,1852.83
2025-09-23,20187.25,20220,20285,20150,20190,709119,14329452580,1847.6
2025-09-24,20065.01,20285,20300,20010,20050,429431,8622088591,1836.33
2025-09-25,20013.13,20050,20265,19945,20025,358783,7198034349,1831.56
2025-09-26,19702.61,19890,19915,19690,19755,1325104,26197437030,1809.56
2025-09-29,20038.28,20010,20110,19940,20030,1433744,28694227272,1840.59
2025-09-30,19891.71,20005,20005,19800,19890,629098,12497704174,1827.12
2025-10-01,19828.91,19920,19975,19740,19820,482203,9568864385,1821.37
2025-10-02,20020.53,19965,20320,19830,20070,682634,13749665241,1839.13
2025-10-10,19631.33,20045,20045,19510,19640,1098088,21612508479,1803.26
2025-10-13,19458.08,19600,19620,19245,19410,724374,14069589596,1787.26
2025-10-14,19304.82,19270,19555,19080,19270,785458,15205803676,1773.11
2025-10-15,19792.3,19340,19810,19340,19750,417311,8187922045,1818.2
2025-10-16,19908.2,19775,19990,19720,19850,1104909,21926983632,1828.91
2025-10-17,19707.42,19680,19895,19550,19745,522843,10304572553,1810.43
2025-10-20,20164.34,19745,20195,19525,20100,791294,15701417383,1852.64
2025-10-21,20086.25,20120,20590,19990,20060,1064354,21544388892,1845.43
2025-10-22,20115.93,20015,20135,19805,20095,423158,8445389000,1848.18
2025-10-23,19930.88,19875,20200,19710,19965,560809,11171723212,1831.1
2025-10-24,19883.06,19980,20150,19880,19920,563243,11239166324,1826.69
2025-10-27,20086.16,19920,20220,19870,20060,957183,19197880711,1845.55
2025-10-28,19988.07,19950,20050,19780,19960,874117,17384570114,1836.47
2025-10-29,19752.86,20185,20185,19670,19890,1097933,21713658332,1821.5
2025-10-30,19696.89,19550,20060,19510,19665,1082780,21458800835,1816.33
2025-10-31,19653.24,19665,19815,19530,19690,681690,13417447360,1812.36
2025-11-03,19758.5,19635,19820,19555,19740,891560,17549113362,1819.85
2025-11-04,20184.61,19665,20270,19610,20100,1595145,31852927099,1859.22
2025-11-05,20099.01,20355,20355,19780,20010,1764758,35292435996,1851.37
2025-11-06,20963.26,20220,21165,20220,20895,3232354,67112472936,1931.1
2025-11-07,20550.56,21240,21345,20380,20610,2559642,53164949616,1890.67
2025-11-10,21232.13,21095,21610,21095,21260,2814464,60255682929,1953.59
2025-11-11,21070.56,21235,21500,21020,21130,1413980,29991831569,1935.33
2025-11-12,21832.03,21035,21850,21015,21820,678392,14611338884,2005.7
2025-11-13,21723.87,21855,22200,21645,21810,1012450,22106536405,1992.61
2025-11-14,21413.48,21725,21785,21390,21450,1618354,35000399261,1964.03
2025-11-17,21098.06,21330,21330,21025,21120,1075407,22756154428,1934.89
2025-11-18,20542.67,20990,21070,20510,20595,719724,14908236055,1883.57
2025-11-19,20744.97,20850,20910,20490,20745,562324,11649900824,1902.23
2025-11-20,20641.27,20850,20990,20710,20710,523430,10904543539,1892.69
2025-11-21,20581.81,20405,20615,20350,20520,483696,9910999193,1887.29
2025-11-24,20436.24,20825,20910,20470,20470,546641,11310830176,1873.92
2025-11-25,20617.47,20700,20985,20480,20620,481041,9962530772,1890.65
2025-11-26,20950.15,20900,21050,20765,21045,484961,10146908860,1928.03
2025-11-27,20885.6,20950,21145,20845,20950,536303,11261414243,1922.04
2025-11-28,20981.27,20950,20990,20725,20915,591292,12361936688,1930.96
2025-12-01,21340.27,21110,21325,20930,21225,611400,12915819821,1964.19
2025-12-02,21997.91,21445,22095,21340,21920,1481816,32472080970,2024.98
2025-12-03,21749.27,21855,22005,21640,21815,751592,16430933598,2002.04
2025-12-04,21575.13,21665,21770,21440,21590,623131,13443203757,1986.01
2025-12-05,21831.36,21590,21800,21505,21800,425990,9229400284,2009.78
2025-12-08,21474.98,21805,21850,21340,21490,1003240,21489501950,1976.84
2025-12-09,21422.58,21475,21560,21235,21450,511855,10922542167,1972.06
2025-12-10,21104.63,21495,21495,21065,21120,1887963,40023633617,1942.7
2025-12-11,21312.26,21255,21370,21070,21245,525496,11151459926,1961.99
2025-12-12,21307.91,21285,21415,21165,21295,542220,11525444154,1962.27
2025-12-15,21091.64,21170,21315,21020,21090,758255,16050323625,1941.95
2025-12-16,20986.18,21180,21280,20950,21015,428305,9036241202,1932.2
2025-12-17,21145.6,21080,21165,20890,21160,550039,11569405884,1946.98
2025-12-18,21006.36,21115,21160,20910,21035,481189,10116584952,1934.11
2025-12-19,21257.25,21155,21355,21030,21225,643561,13620322326,1957.39
2025-12-22,21629.37,21335,21600,21335,21570,498087,10712349375,1991.86
2025-12-23,21465.16,21570,21725,21385,21450,613807,13238976266,1976.66
2025-12-24,21657.56,21480,21685,21460,21605,745374,16072730425,1994.52
2025-12-26,21372.27,21640,21640,21390,21470,498669,10702850261,1974.82
2025-12-29,21528.71,21110,21570,20805,21570,444194,9452789781,1989.33
2025-12-30,21316.59,21375,21385,21250,21365,270633,5766906434,1969.73
2026-01-02,21196.0,21280,21285,20970,21215,683912,14437504360,1958.62
2026-01-05,21381.5,21215,21595,21115,21370,633733,13485786151,1975.8
2026-01-06,21629.97,21400,21630,21330,21590,1033442,22245215697,1998.83
2026-01-07,21280.52,21335,21540,21095,21280,959762,20445074323,1966.49
2026-01-08,20918.4,21195,21195,20840,20860,708114,14870416449,1932.97
2026-01-09,21059.06,20990,21260,20975,21010,455882,9638291445,1946.05
2026-01-12,21111.62,21125,21135,20890,21100,629580,13213801578,1950.94
2026-01-13,21243.69,21125,21250,20960,21200,456072,9611927433,1963.2
2026-01-14,21473.61,21190,21410,21040,21395,557973,11857609087,1984.5
2026-01-15,21455.21,21390,21715,21285,21445,726632,15598007641,1982.82
2026-01-16,21461.05,21515,21570,21310,21415,551270,11811921817,1983.39
2026-01-19,21298.15,21305,21370,21200,21295,765455,16293259679,1968.33
2026-01-20,21904.52,21250,21945,21115,21800,1073540,23273140351,2024.49
2026-01-21,22019.99,21800,22035,21550,21955,904725,19727663494,2035.21
2026-01-22,22169.85,21955,22200,21775,22140,658896,14533291644,2049.1
2026-01-23,22420.36,22140,22405,22000,22355,553612,12305708099,2072.34
2026-01-26,22302.44,22355,22615,22315,22340,1210912,27182333691,2061.45
2026-01-27,23160.05,22340,23200,22340,23065,677076,15562729889,2140.9
2026-01-28,22726.18,23120,23360,22745,22870,662721,15266750971,2107.47
2026-01-29,23125.83,22830,23245,22415,23115,1146413,26132619704,2144.51
2026-01-30,22863.05,23065,23355,22900,22945,1030261,23798247848,2120.24
2026-02-02,22642.97,22980,23605,22410,22555,1206960,27673960373,2099.91
2026-02-03,23771.92,23140,23820,23130,23820,1204858,28352068930,2204.49
2026-02-04,24341.23,23920,24550,23735,24295,1427471,34632462764,2257.21
2026-02-05,24347.14,24110,24730,24010,24280,1398507,34109035823,2257.8
2026-02-06,24862.09,24260,24865,23530,24810,1732177,42385539830,2305.59
2026-02-09,25670.57,25455,26080,25435,25680,1271032,32733777374,2380.51
2026-02-10,26441.32,26235,26970,26055,26430,2389005,63220943275,2451.92
2026-02-11,27468.55,26625,27630,26610,27410,2382931,64819824772,2547.13
2026-02-12,28684.31,28095,28710,27640,28625,2758475,78143907825,2659.85
2026-02-13,28561.42,28885,29480,28365,28660,3710955,107187979819,2648.56
2026-02-19,28841.97,29050,29175,28520,28885,2844756,82077140868,2671.24
2026-02-20,29876.74,29130,29990,29130,29860,2156878,63905152599,2767.2
2026-02-23,29262.03,30150,30210,29125,29255,2398516,70503930928,2710.25
2026-02-24,28493.26,28990,29040,27830,28550,2111695,59851176457,2639.01
2026-02-25,28369.02,28490,28740,28205,28530,1619187,46012350537,2635.61
2026-02-26,28217.1,28445,28445,27890,28255,1627600,45818888010,2591.16
2026-02-27,27306.0,27965,27970,27265,27330,1619272,44513955911,2506.82
2026-03-03,26720.39,26895,27275,26590,26590,2134340,57599512374,2452.59
2026-03-04,23958.11,25000,25630,23160,23810,3971089,97754496675,2196.55
2026-03-05,25436.88,25905,26150,25100,25530,2006445,51317692018,2333.67
2026-03-06,25187.96,24600,25270,24400,25220,1025276,25578423715,2310.65
2026-03-09,24322.84,23500,24455,23180,24210,1258127,29972858433,2230.47
2026-03-10,24851.49,25125,25350,24390,24845,1498046,37228522460,2279.49
2026-03-11,25555.12,25375,26330,25375,25415,1105802,28630471707,2344.76
2026-03-12,25297.24,25240,25410,25030,25380,654080,16496204570,2320.86
2026-03-13,24876.17,24555,25095,24430,24925,773589,19231523822,2281.88
2026-03-16,24672.7,24735,25130,24510,24770,612682,15158159426,2263.05
2026-03-17,25093.09,25135,25365,24905,25050,943215,23670008801,2302.04
2026-03-18,25887.86,25515,25940,25370,25930,664891,17122434833,2375.75
2026-03-19,25761.21,25180,26045,25180,25790,570597,14618189400,2364.02
2026-03-20,26020.3,25705,26315,25705,25945,687910,17966863523,2388.1
2026-03-23,24325.98,25080,25185,24205,24410,1047786,25765022475,2231.04
2026-03-24,24574.03,25155,25155,24070,24690,618704,15157456270,2254.08
2026-03-25,25086.46,25130,25385,24935,24970,767814,19312807462,2301.62
2026-03-26,25194.41,25195,25455,24955,25065,725581,18310377420,2308.61
2026-03-27,25351.27,24595,25480,24360,25355,680559,16990008538,2331.28
2026-03-30,24566.55,24175,24715,24020,24610,545990,13323561025,2243.68
2026-03-31,24064.99,24020,24435,23850,24080,635747,15350078323,2197.2
2026-04-01,25124.19,25220,25310,24710,25195,709268,17738591087,2295.44
2026-04-02,24545.22,25300,25790,24300,24430,769193,19225011026,2241.77
2026-04-03,24429.07,24810,25045,24420,24505,429157,10597798868,2231.08
2026-04-06,24779.25,24500,25050,24430,24715,472828,11687262092,2263.56
2026-04-07,24460.51,24530,25195,24450,24535,517117,12833679931,2234.04
2026-04-08,25734.07,25910,26060,25460,25700,1028484,26476744169,2352.14
2026-04-09,25534.26,26000,26000,25405,25405,402498,10342989815,2333.63
2026-04-10,26244.4,25595,26470,25595,26095,622620,16316169196,2399.53
2026-04-13,26235.19,25765,26295,25710,26115,373782,9756470054,2398.7
2026-04-14,26463.58,26550,26740,26425,26580,618176,16434777312,2419.91
2026-04-15,26647.9,26900,27135,26580,26730,641460,17191196659,2437.01
2026-04-16,26975.36,26930,27185,26800,26955,518780,13986014548,2467.39
2026-04-17,26937.89,26930,27080,26755,26880,394841,10641619199,2463.97
2026-04-20,26957.82,27100,27295,26920,27040,429920,11647958861,2465.84
2026-04-21,26883.52,27065,27200,26830,26940,613110,16522978030,2458.97
2026-04-22,26413.18,26720,26725,26180,26455,947031,24924398425,2415.39
2026-04-23,26542.18,26705,26725,26120,26445,1107045,29157928764,2427.37
2026-04-24,26567.75,26445,26680,26400,26505,668089,17721471460,2429.8
2026-04-27,26272.12,26510,26680,26145,26270,822978,21622482542,2402.42
2026-04-28,26445.18,26300,26610,26045,26500,764687,20189901473,2426.57
2026-04-29,26419.81,26480,26500,26180,26470,419312,11034935841,2421.41
2026-04-30,26367.6,26355,26550,26280,26280,462440,12210297086,2416.66
2026-05-04,26224.89,26540,26700,26100,26190,855834,22451705483,2403.48
2026-05-06,26177.91,26300,26550,26215,26290,1351288,35598682727,2399.15
2026-05-07,26470.07,26200,26535,25880,26455,1306796,34328438173,2422.05
2026-05-08,26314.36,26425,26567,26145,26310,764389,20132657549,2401.68
2026-05-11,26079.65,26300,26535,26005,26070,1130606,29745562688,2379.96
2026-05-12,25551.77,26070,26360,25000,25520,1423165,36514756700,2331.06
2026-05-13,25179.14,25520,25820,25045,25150,1077706,27289459000,2296.53
2026-05-14,25879.97,25140,25710,24895,25685,986547,24962118722,2360.31
2026-05-15,25347.98,25850,26150,25005,25240,1261674,32255407393,2311.08
2026-05-18,24811.33,25360,25390,24310,24845,1233103,30530065511,2261.37
2026-05-19,24817.0,24820,25200,24390,24745,687987,17020090109,2261.92
2026-05-20,24613.19,25235,25300,24305,24555,928584,22862880372,2243.04
2026-05-21,25147.58,24885,25275,24875,25100,1223505,30659054135,2292.61
2026-05-22,25795.26,25405,25840,25260,25685,583702,14969241136,2352.71
2026-05-26,25499.58,25915,26080,25405,25515,957766,24606690363,2325.35
2026-05-27,24957.66,25500,25680,24860,25090,1081147,27194156311,2283.21
2026-05-28,24481.28,24900,24935,23940,24520,1204050,29340095298,2239.07
2026-05-29,24406.77,24675,24795,23980,24280,1289660,31374768497,2232.23
2026-06-01,24447.56,24270,25015,24190,24470,922767,22723802168,2236.07
2026-06-02,24963.21,24470,24895,24100,24825,1337456,32652811076,2283.93
2026-06-04,25842.74,25050,26120,24970,25765,978529,25063427212,2365.53
2026-06-05,26459.89,26605,27250,25880,26355,2002274,52953725548,2418.47
